<?xml version="1.0" encoding="UTF-8" ?>
<!DOCTYPE keyboard SYSTEM "../dtd/ldmlKeyboard.dtd">
<keyboard locale="he-t-k0-chromeos">
	<version platform="33" number="$Revision$"/>
	<names>
		<name value="Israel"/>
	</names>
	<keyMap>
		<map iso="E00" to=";"/> <!-- ` -->
		<map iso="E01" to="1"/>
		<map iso="E02" to="2"/>
		<map iso="E03" to="3"/>
		<map iso="E04" to="4"/>
		<map iso="E05" to="5"/>
		<map iso="E06" to="6"/>
		<map iso="E07" to="7"/>
		<map iso="E08" to="8"/>
		<map iso="E09" to="9"/>
		<map iso="E10" to="0"/>
		<map iso="E11" to="-"/>
		<map iso="E12" to="="/>
		<map iso="D01" to="/"/> <!-- Q -->
		<map iso="D02" to="&apos;"/> <!-- W -->
		<map iso="D03" to="ק"/> <!-- E -->
		<map iso="D04" to="ר"/> <!-- R -->
		<map iso="D05" to="א"/> <!-- T -->
		<map iso="D06" to="ט"/> <!-- Y -->
		<map iso="D07" to="ו"/> <!-- U -->
		<map iso="D08" to="ן"/> <!-- I -->
		<map iso="D09" to="ם"/> <!-- O -->
		<map iso="D10" to="פ"/> <!-- P -->
		<map iso="D11" to="]"/> <!-- [ -->
		<map iso="D12" to="["/> <!-- ] -->
		<map iso="D13" to="\"/>
		<map iso="C01" to="ש"/> <!-- A -->
		<map iso="C02" to="ד"/> <!-- S -->
		<map iso="C03" to="ג"/> <!-- D -->
		<map iso="C04" to="כ"/> <!-- F -->
		<map iso="C05" to="ע"/> <!-- G -->
		<map iso="C06" to="י"/> <!-- H -->
		<map iso="C07" to="ח"/> <!-- J -->
		<map iso="C08" to="ל"/> <!-- K -->
		<map iso="C09" to="ך"/> <!-- L -->
		<map iso="C10" to="ף"/> <!-- ; -->
		<map iso="C11" to=","/> <!-- ' -->
		<map iso="B01" to="ז"/> <!-- Z -->
		<map iso="B02" to="ס"/> <!-- X -->
		<map iso="B03" to="ב"/> <!-- C -->
		<map iso="B04" to="ה"/> <!-- V -->
		<map iso="B05" to="נ"/> <!-- B -->
		<map iso="B06" to="מ"/> <!-- N -->
		<map iso="B07" to="צ"/> <!-- M -->
		<map iso="B08" to="ת"/> <!-- , -->
		<map iso="B09" to="ץ"/> <!-- . -->
		<map iso="B10" to="."/> <!-- / -->
		<map iso="A03" to=" "/> <!-- space -->
	</keyMap>
	<keyMap modifiers="shift">
		<map iso="E00" to="~"/> <!-- `  base=; -->
		<map iso="E01" to="!"/> <!-- 1 -->
		<map iso="E02" to="@"/> <!-- 2 -->
		<map iso="E03" to="#"/> <!-- 3 -->
		<map iso="E04" to="$"/> <!-- 4 -->
		<map iso="E05" to="%"/> <!-- 5 -->
		<map iso="E06" to="^"/> <!-- 6 -->
		<map iso="E07" to="&amp;"/> <!-- 7 -->
		<map iso="E08" to="*"/> <!-- 8 -->
		<map iso="E09" to=")"/> <!-- 9 -->
		<map iso="E10" to="("/> <!-- 0 -->
		<map iso="E11" to="_"/> <!-- - -->
		<map iso="E12" to="+"/> <!-- = -->
		<map iso="D01" to="Q"/> <!--   base=/ -->
		<map iso="D02" to="W"/> <!--   base=' -->
		<map iso="D03" to="E"/> <!--   base=ק -->
		<map iso="D04" to="R"/> <!--   base=ר -->
		<map iso="D05" to="T"/> <!--   base=א -->
		<map iso="D06" to="Y"/> <!--   base=ט -->
		<map iso="D07" to="U"/> <!--   base=ו -->
		<map iso="D08" to="I"/> <!--   base=ן -->
		<map iso="D09" to="O"/> <!--   base=ם -->
		<map iso="D10" to="P"/> <!--   base=פ -->
		<map iso="D11" to="}"/> <!-- [  base=] -->
		<map iso="D12" to="{"/> <!-- ]  base=[ -->
		<map iso="D13" to="|"/> <!-- \ -->
		<map iso="C01" to="A"/> <!--   base=ש -->
		<map iso="C02" to="S"/> <!--   base=ד -->
		<map iso="C03" to="D"/> <!--   base=ג -->
		<map iso="C04" to="F"/> <!--   base=כ -->
		<map iso="C05" to="G"/> <!--   base=ע -->
		<map iso="C06" to="H"/> <!--   base=י -->
		<map iso="C07" to="J"/> <!--   base=ח -->
		<map iso="C08" to="K"/> <!--   base=ל -->
		<map iso="C09" to="L"/> <!--   base=ך -->
		<map iso="C10" to=":"/> <!-- ;  base=ף -->
		<map iso="C11" to="\u{22}"/> <!-- '  base=,  to= "  -->
		<map iso="B01" to="Z"/> <!--   base=ז -->
		<map iso="B02" to="X"/> <!--   base=ס -->
		<map iso="B03" to="C"/> <!--   base=ב -->
		<map iso="B04" to="V"/> <!--   base=ה -->
		<map iso="B05" to="B"/> <!--   base=נ -->
		<map iso="B06" to="N"/> <!--   base=מ -->
		<map iso="B07" to="M"/> <!--   base=צ -->
		<map iso="B08" to="&gt;"/> <!-- ,  base=ת -->
		<map iso="B09" to="&lt;"/> <!-- .  base=ץ -->
		<map iso="B10" to="?"/> <!-- /  base=. -->
		<map iso="A03" to=" "/> <!-- space -->
	</keyMap>
	<keyMap modifiers="caps+shift+altR?">
		<map iso="E00" to=";"/> <!-- ` -->
		<map iso="E01" to="1"/>
		<map iso="E02" to="2"/>
		<map iso="E03" to="3"/>
		<map iso="E04" to="4"/>
		<map iso="E05" to="5"/>
		<map iso="E06" to="6"/>
		<map iso="E07" to="7"/>
		<map iso="E08" to="8"/>
		<map iso="E09" to="9"/>
		<map iso="E10" to="0"/>
		<map iso="E11" to="-"/>
		<map iso="E12" to="="/>
		<map iso="D01" to="Q"/> <!--   base=/ -->
		<map iso="D02" to="W"/> <!--   base=' -->
		<map iso="D03" to="E"/> <!--   base=ק -->
		<map iso="D04" to="R"/> <!--   base=ר -->
		<map iso="D05" to="T"/> <!--   base=א -->
		<map iso="D06" to="Y"/> <!--   base=ט -->
		<map iso="D07" to="U"/> <!--   base=ו -->
		<map iso="D08" to="I"/> <!--   base=ן -->
		<map iso="D09" to="O"/> <!--   base=ם -->
		<map iso="D10" to="P"/> <!--   base=פ -->
		<map iso="D11" to="]"/> <!-- [ -->
		<map iso="D12" to="["/> <!-- ] -->
		<map iso="D13" to="\"/>
		<map iso="C01" to="A"/> <!--   base=ש -->
		<map iso="C02" to="S"/> <!--   base=ד -->
		<map iso="C03" to="D"/> <!--   base=ג -->
		<map iso="C04" to="F"/> <!--   base=כ -->
		<map iso="C05" to="G"/> <!--   base=ע -->
		<map iso="C06" to="H"/> <!--   base=י -->
		<map iso="C07" to="J"/> <!--   base=ח -->
		<map iso="C08" to="K"/> <!--   base=ל -->
		<map iso="C09" to="L"/> <!--   base=ך -->
		<map iso="C10" to=":"/> <!-- ;  base=ף -->
		<map iso="C11" to="\u{22}"/> <!-- '  base=,  to= "  -->
		<map iso="B01" to="Z"/> <!--   base=ז -->
		<map iso="B02" to="X"/> <!--   base=ס -->
		<map iso="B03" to="C"/> <!--   base=ב -->
		<map iso="B04" to="V"/> <!--   base=ה -->
		<map iso="B05" to="B"/> <!--   base=נ -->
		<map iso="B06" to="N"/> <!--   base=מ -->
		<map iso="B07" to="M"/> <!--   base=צ -->
		<map iso="B08" to="&gt;"/> <!-- ,  base=ת -->
		<map iso="B09" to="&lt;"/> <!-- .  base=ץ -->
		<map iso="B10" to="."/> <!-- / -->
		<map iso="A03" to=" "/> <!-- space -->
	</keyMap>
	<keyMap modifiers="altR">
		<map iso="E00" to="\u{5B0}"/> <!-- `  base=;  to= ְ  -->
		<map iso="E01" to="\u{5B1}"/> <!-- 1  to= ֱ  -->
		<map iso="E02" to="\u{5B2}"/> <!-- 2  to= ֲ  -->
		<map iso="E03" to="\u{5B3}"/> <!-- 3  to= ֳ  -->
		<map iso="E04" to="\u{5B4}"/> <!-- 4  to= ִ  -->
		<map iso="E05" to="\u{5B5}"/> <!-- 5  to= ֵ  -->
		<map iso="E06" to="\u{5B6}"/> <!-- 6  to= ֶ  -->
		<map iso="E07" to="\u{5B7}"/> <!-- 7  to= ַ  -->
		<map iso="E08" to="\u{5B8}"/> <!-- 8  to= ָ  -->
		<map iso="E09" to="\u{5C2}"/> <!-- 9  to= ׂ  -->
		<map iso="E10" to="\u{5C1}"/> <!-- 0  to= ׁ  -->
		<map iso="E11" to="\u{5B9}"/> <!-- -  to= ֹ  -->
		<map iso="E12" to="\u{5BC}"/> <!-- =  to= ּ  -->
		<map iso="D01" to="/"/> <!-- Q -->
		<map iso="D02" to="&apos;"/> <!-- W -->
		<map iso="D03" to="ק"/> <!-- E -->
		<map iso="D04" to="ר"/> <!-- R -->
		<map iso="D05" to="א"/> <!-- T -->
		<map iso="D06" to="ט"/> <!-- Y -->
		<map iso="D07" to="ו"/> <!-- U -->
		<map iso="D08" to="ן"/> <!-- I -->
		<map iso="D09" to="ם"/> <!-- O -->
		<map iso="D10" to="פ"/> <!-- P -->
		<map iso="D11" to="\u{5BF}"/> <!-- [  base=]  to= ֿ  -->
		<map iso="D12" to="\u{5BD}"/> <!-- ]  base=[  to= ֽ  -->
		<map iso="D13" to="\u{5BB}"/> <!-- \  to= ֻ  -->
		<map iso="C01" to="ש"/> <!-- A -->
		<map iso="C02" to="ד"/> <!-- S -->
		<map iso="C03" to="ג"/> <!-- D -->
		<map iso="C04" to="כ"/> <!-- F -->
		<map iso="C05" to="ע"/> <!-- G -->
		<map iso="C06" to="י"/> <!-- H -->
		<map iso="C07" to="ח"/> <!-- J -->
		<map iso="C08" to="ל"/> <!-- K -->
		<map iso="C09" to="ך"/> <!-- L -->
		<map iso="C10" to="ף"/> <!-- ; -->
		<map iso="C11" to=","/> <!-- ' -->
		<map iso="B01" to="ז"/> <!-- Z -->
		<map iso="B02" to="ס"/> <!-- X -->
		<map iso="B03" to="ב"/> <!-- C -->
		<map iso="B04" to="ה"/> <!-- V -->
		<map iso="B05" to="נ"/> <!-- B -->
		<map iso="B06" to="מ"/> <!-- N -->
		<map iso="B07" to="צ"/> <!-- M -->
		<map iso="B08" to="ת"/> <!-- , -->
		<map iso="B09" to="ץ"/> <!-- . -->
		<map iso="B10" to="׃"/> <!-- /  base=. -->
		<map iso="A03" to=" "/> <!-- space -->
	</keyMap>
	<keyMap modifiers="altR+shift">
		<map iso="E00" to="\u{5B0}"/> <!-- `  base=;  to= ְ  -->
		<map iso="E01" to="\u{5B1}"/> <!-- 1  to= ֱ  -->
		<map iso="E02" to="\u{5B2}"/> <!-- 2  to= ֲ  -->
		<map iso="E03" to="\u{5B3}"/> <!-- 3  to= ֳ  -->
		<map iso="E04" to="\u{5B4}"/> <!-- 4  to= ִ  -->
		<map iso="E05" to="\u{5B5}"/> <!-- 5  to= ֵ  -->
		<map iso="E06" to="\u{5B6}"/> <!-- 6  to= ֶ  -->
		<map iso="E07" to="\u{5B7}"/> <!-- 7  to= ַ  -->
		<map iso="E08" to="\u{5B8}"/> <!-- 8  to= ָ  -->
		<map iso="E09" to="\u{5C2}"/> <!-- 9  to= ׂ  -->
		<map iso="E10" to="\u{5C1}"/> <!-- 0  to= ׁ  -->
		<map iso="E11" to="\u{5B9}"/> <!-- -  to= ֹ  -->
		<map iso="E12" to="\u{5BC}"/> <!-- =  to= ּ  -->
		<map iso="D01" to="Q"/> <!--   base=/ -->
		<map iso="D02" to="W"/> <!--   base=' -->
		<map iso="D03" to="E"/> <!--   base=ק -->
		<map iso="D04" to="R"/> <!--   base=ר -->
		<map iso="D05" to="T"/> <!--   base=א -->
		<map iso="D06" to="Y"/> <!--   base=ט -->
		<map iso="D07" to="U"/> <!--   base=ו -->
		<map iso="D08" to="I"/> <!--   base=ן -->
		<map iso="D09" to="O"/> <!--   base=ם -->
		<map iso="D10" to="P"/> <!--   base=פ -->
		<map iso="D11" to="\u{5BF}"/> <!-- [  base=]  to= ֿ  -->
		<map iso="D12" to="\u{5BD}"/> <!-- ]  base=[  to= ֽ  -->
		<map iso="D13" to="\u{5BB}"/> <!-- \  to= ֻ  -->
		<map iso="C01" to="A"/> <!--   base=ש -->
		<map iso="C02" to="S"/> <!--   base=ד -->
		<map iso="C03" to="D"/> <!--   base=ג -->
		<map iso="C04" to="F"/> <!--   base=כ -->
		<map iso="C05" to="G"/> <!--   base=ע -->
		<map iso="C06" to="H"/> <!--   base=י -->
		<map iso="C07" to="J"/> <!--   base=ח -->
		<map iso="C08" to="K"/> <!--   base=ל -->
		<map iso="C09" to="L"/> <!--   base=ך -->
		<map iso="C10" to=":"/> <!-- ;  base=ף -->
		<map iso="C11" to="\u{22}"/> <!-- '  base=,  to= "  -->
		<map iso="B01" to="Z"/> <!--   base=ז -->
		<map iso="B02" to="X"/> <!--   base=ס -->
		<map iso="B03" to="C"/> <!--   base=ב -->
		<map iso="B04" to="V"/> <!--   base=ה -->
		<map iso="B05" to="B"/> <!--   base=נ -->
		<map iso="B06" to="N"/> <!--   base=מ -->
		<map iso="B07" to="M"/> <!--   base=צ -->
		<map iso="B08" to="&gt;"/> <!-- ,  base=ת -->
		<map iso="B09" to="&lt;"/> <!-- .  base=ץ -->
		<map iso="B10" to="׃"/> <!-- /  base=. -->
		<map iso="A03" to=" "/> <!-- space -->
	</keyMap>
</keyboard>
