<?xml version="1.0" encoding="UTF-8" ?>
<!DOCTYPE ldml SYSTEM "../../common/dtd/ldml.dtd">
<!-- Copyright © 1991-2019 Unicode, Inc.
CLDR data files are interpreted according to the LDML specification (http://unicode.org/reports/tr35/)
For terms of use, see http://www.unicode.org/copyright.html
-->
<ldml>
	<identity>
		<version number="$Revision: 10000 $"/>
		<language type="osa"/>
	</identity>
	<metadata>
		<casingData>
			<casingItem type="calendar_field">titlecase</casingItem>
			<casingItem type="day_format_except_narrow">titlecase</casingItem>
			<casingItem type="day_narrow">titlecase</casingItem>
			<casingItem type="day_standalone_except_narrow">titlecase</casingItem>
			<casingItem type="language">titlecase</casingItem>
			<casingItem type="month_format_except_narrow">titlecase</casingItem>
			<casingItem type="month_standalone_except_narrow">titlecase</casingItem>
			<casingItem type="relative">titlecase</casingItem>
			<casingItem type="territory">titlecase</casingItem>
		</casingData>
	</metadata>
</ldml>
