<?xml version="1.0" encoding="UTF-8" ?>
<!DOCTYPE ldml SYSTEM "../../common/dtd/ldml.dtd">
<!--
Copyright © 1991-2013 Unicode, Inc.
CLDR data files are interpreted according to the LDML specification (http://unicode.org/reports/tr35/)
For terms of use, see http://www.unicode.org/copyright.html
-->
<ldml>
    <identity>
        <version number="$Revision$"/>
        <language type="nci"/>
    </identity>
    <rbnf>
        <rulesetGrouping type="SpelloutRules" draft="unconfirmed">
            <ruleset type="spellout-numbering-year">
                <rbnfrule value="x.x">=#,###0.#=;</rbnfrule>
                <rbnfrule value="0">=%spellout-numbering=;</rbnfrule>
            </ruleset>
            <ruleset type="spellout-numbering">
                <rbnfrule value="0">=%spellout-cardinal=;</rbnfrule>
            </ruleset>
            <ruleset type="spellout-cardinal">
                <rbnfrule value="-x">mēnos →→;</rbnfrule>
                <rbnfrule value="x.x">←← punto →→;</rbnfrule>
                <rbnfrule value="0">cēro;</rbnfrule>
                <rbnfrule value="1">cē;</rbnfrule>
                <rbnfrule value="2">ōme;</rbnfrule>
                <rbnfrule value="3">ēyi;</rbnfrule>
                <rbnfrule value="4">nāhui;</rbnfrule>
                <rbnfrule value="5">mācuīlli;</rbnfrule>
                <rbnfrule value="6">chicuacē;</rbnfrule>
                <rbnfrule value="7">chicōme;</rbnfrule>
                <rbnfrule value="8">chicuēyi;</rbnfrule>
                <rbnfrule value="9">chicunāhui;</rbnfrule>
                <rbnfrule value="10">mahtlāc→%%tlionnumber→;</rbnfrule>
                <rbnfrule value="15" radix="5">caxtōl→%%lionnumber→;</rbnfrule>
                <rbnfrule value="20" radix="20">←%%numberm←­pōhual→%%lionnumber→;</rbnfrule>
                <rbnfrule value="400" radix="400">←%%numbern←­tzontli[ ipan →%spellout-cardinal→];</rbnfrule>
                <rbnfrule value="8000" radix="8000">←%%numbern←­xiquipilli[ ipan →%spellout-cardinal→];</rbnfrule>
                <rbnfrule value="160000" radix="160,000">←%%numberm←­pōhual­xiquipilli[ ipan →%spellout-cardinal→];</rbnfrule>
                <rbnfrule value="3200000" radix="3,200,000">←%%numbern←­tzon­xiquipilli[ ipan →%spellout-cardinal→];</rbnfrule>
                <rbnfrule value="64000000" radix="64,000,000">←%%numberm←­pōhual­tzon­xiquipilli[ ipan →%spellout-cardinal→];</rbnfrule>
                <rbnfrule value="1280000000">=#,##0=;</rbnfrule>
            </ruleset>
            <ruleset type="lionnumber" access="private">
                <rbnfrule value="0">li;</rbnfrule>
                <rbnfrule value="1">­=%%on==%spellout-cardinal=;</rbnfrule>
            </ruleset>
            <ruleset type="lionnumberm" access="private">
                <rbnfrule value="0">li;</rbnfrule>
                <rbnfrule value="1">­=%%on==%%numberm=;</rbnfrule>
            </ruleset>
            <ruleset type="lionnumbern" access="private">
                <rbnfrule value="0">li;</rbnfrule>
                <rbnfrule value="1">­=%%on==%%numbern=;</rbnfrule>
            </ruleset>
            <ruleset type="tlionnumber" access="private">
                <rbnfrule value="0">tli;</rbnfrule>
                <rbnfrule value="1">tli =%%on==%spellout-cardinal=;</rbnfrule>
            </ruleset>
            <ruleset type="tlionnumberm" access="private">
                <rbnfrule value="0">tli;</rbnfrule>
                <rbnfrule value="1">tli =%%on==%%numberm=;</rbnfrule>
            </ruleset>
            <ruleset type="tlionnumbern" access="private">
                <rbnfrule value="0">tli;</rbnfrule>
                <rbnfrule value="1">tli =%%on==%%numbern=;</rbnfrule>
            </ruleset>
            <ruleset type="onnumberm" access="private">
                <rbnfrule value="1">­=%%on==%%numberm=;</rbnfrule>
            </ruleset>
            <ruleset type="onnumbern" access="private">
                <rbnfrule value="1">­=%%on==%%numbern=;</rbnfrule>
            </ruleset>
            <ruleset type="on" access="private">
                <rbnfrule value="1">on­;</rbnfrule>
                <rbnfrule value="2">om­;</rbnfrule>
                <rbnfrule value="3">on­;</rbnfrule>
                <rbnfrule value="5">;</rbnfrule>
            </ruleset>
            <ruleset type="numberm" access="private">
                <rbnfrule value="1">cēm;</rbnfrule>
                <rbnfrule value="2">ōm;</rbnfrule>
                <rbnfrule value="3">yēm;</rbnfrule>
                <rbnfrule value="4">nāuh;</rbnfrule>
                <rbnfrule value="5">mācuīl;</rbnfrule>
                <rbnfrule value="6">chicua­cēm;</rbnfrule>
                <rbnfrule value="7">chic­ōm;</rbnfrule>
                <rbnfrule value="8">chicu­yēm;</rbnfrule>
                <rbnfrule value="9">chicu­nāuh;</rbnfrule>
                <rbnfrule value="10">mahtlāc→%%onnumberm→;</rbnfrule>
                <rbnfrule value="15" radix="5">caxtōl→%%onnumberm→;</rbnfrule>
            </ruleset>
            <ruleset type="numbern" access="private">
                <rbnfrule value="1">cēn;</rbnfrule>
                <rbnfrule value="2">ōn;</rbnfrule>
                <rbnfrule value="3">yēn;</rbnfrule>
                <rbnfrule value="4">nāuh;</rbnfrule>
                <rbnfrule value="5">mācuīl;</rbnfrule>
                <rbnfrule value="6">chicua­cēn;</rbnfrule>
                <rbnfrule value="7">chic­ōn;</rbnfrule>
                <rbnfrule value="8">chicu­yēn;</rbnfrule>
                <rbnfrule value="9">chicu­nāuh;</rbnfrule>
                <rbnfrule value="10">mahtlāc→%%onnumbern→;</rbnfrule>
                <rbnfrule value="15" radix="5">caxtōl→%%onnumbern→;</rbnfrule>
            </ruleset>
            <ruleset type="spellout-ordinal">
                <rbnfrule value="x.x">=#,##0.#=;</rbnfrule>
                <rbnfrule value="0">inic =%spellout-cardinal=;</rbnfrule>
            </ruleset>
        </rulesetGrouping>
    </rbnf>
</ldml>
