<?xml version="1.0" encoding="UTF-8" ?>
<!DOCTYPE ldml SYSTEM "../../common/dtd/ldml.dtd">
<!-- Copyright © 1991-2019 Unicode, Inc.
For terms of use, see http://www.unicode.org/copyright.html
Unicode and the Unicode Logo are registered trademarks of Unicode, Inc. in the U.S. and other countries.
CLDR data files are interpreted according to the LDML specification (http://unicode.org/reports/tr35/)
-->
<ldml>
	<identity>
		<version number="$Revision$"/>
		<language type="an"/>
	</identity>
	<localeDisplayNames>
		<languages>
			<language type="an">aragonés</language>
		</languages>
	</localeDisplayNames>
	<characters>
		<exemplarCharacters>[a b c d e f g h i j k l m n o p q r s t u v w x y z á é í ó ú ü]</exemplarCharacters>
		<exemplarCharacters type="auxiliary">[à â è ê ì î ò ô ù û ä ë ï ö · ñ ç]</exemplarCharacters>
		<exemplarCharacters type="index">[A B C D E F G H I J K L M N O P Q R S T U V W X Y Z]</exemplarCharacters>
		<exemplarCharacters type="numbers">[\- , . % ‰ + 0 1 2 3 4 5 6 7 8 9]</exemplarCharacters>
		<exemplarCharacters type="punctuation">[\- ‐ – — , ; \: ! ¡ ? ¿ . … ' ‘ ’ &quot; ″ “ " ” « » ( ) \[ \] § @ * / \&amp; # † ‡ ′ ″]</exemplarCharacters>
	</characters>
</ldml>
