<?xml version="1.0" encoding="UTF-8" ?>
<!DOCTYPE ldml SYSTEM "../../common/dtd/ldml.dtd">
<!-- Copyright © 1991-2019 Unicode, Inc.
For terms of use, see http://www.unicode.org/copyright.html
Unicode and the Unicode Logo are registered trademarks of Unicode, Inc. in the U.S. and other countries.
CLDR data files are interpreted according to the LDML specification (http://unicode.org/reports/tr35/)
-->
<ldml>
	<identity>
		<version number="$Revision$"/>
		<language type="ba"/>
	</identity>
	<layout>
		<orientation>
			<characterOrder>left-to-right</characterOrder>
			<lineOrder>top-to-bottom</lineOrder>
		</orientation>
	</layout>
	<characters>
		<exemplarCharacters>[а ә б в г ғ д ҙ е ё ж з и й к ҡ л м н ң о ө п р с ҫ т у ү ф х һ ц ч ш щ ъ ы ь э ю я]</exemplarCharacters>
		<exemplarCharacters type="index">[А Ә Б В Г Ғ Д Ҙ Е Ё Ж З И Й К Ҡ Л М Н Ң О Ө П Р С Ҫ Т У Ү Ф Х Һ Ц Ч Ш Щ Ъ Ы Ь Э Ю Я]</exemplarCharacters>
	</characters>
</ldml>
