<?xml version="1.0" encoding="UTF-8" ?>
<!DOCTYPE ldml SYSTEM "../../common/dtd/ldml.dtd">
<!-- Copyright © 1991-2019 Unicode, Inc.
For terms of use, see http://www.unicode.org/copyright.html
Unicode and the Unicode Logo are registered trademarks of Unicode, Inc. in the U.S. and other countries.
CLDR data files are interpreted according to the LDML specification (http://unicode.org/reports/tr35/)
-->
<ldml>
	<identity>
		<version number="$Revision$"/>
		<language type="bss"/>
	</identity>
	<localeDisplayNames>
		<languages>
			<language type="bss">Akoose</language>
			<language type="en">Akáálé</language>
			<language type="fr">Frɛnsé</language>
		</languages>
		<scripts>
			<script type="Latn">Akoose</script>
		</scripts>
		<territories>
			<territory type="CM">Kamerûn</territory>
		</territories>
		<keys>
			<key type="currency">mɔné</key>
		</keys>
		<measurementSystemNames>
			<measurementSystemName type="metric">Metric</measurementSystemName>
		</measurementSystemNames>
	</localeDisplayNames>
	<characters>
		<exemplarCharacters>[a á â ǎ ā b c d e é ê ě ē ə {ə\u0301} {ə\u0302} {ə\u030C} {ə\u0304} ɛ {ɛ\u0301} {ɛ\u0302} {ɛ\u030C} {ɛ\u0304} g h i í î ǐ ī j k l m ḿ n ń ŋ o ó ô ǒ ō ɔ {ɔ\u0301} {ɔ\u0302} {ɔ\u030C} {ɔ\u0304} p s t u ú û ǔ ū w y z ʼ]</exemplarCharacters>
		<exemplarCharacters type="auxiliary">[f q r v x]</exemplarCharacters>
		<exemplarCharacters type="index">[A B C D E Ə Ɛ G H I J K L M N Ŋ O Ɔ P S T U W Y Z]</exemplarCharacters>
		<exemplarCharacters type="punctuation">[, ; \: ! ? . ' &quot;]</exemplarCharacters>
		<!-- <plurals>
			 <pluralRule count="one">n is 1</pluralRule>
			 </plurals>
			 <regionInfo>
			 <region type="default">Cameroon</region>
			 <region type="other">(none)</region>
			 </regionInfo>
		-->
		<ellipsis type="final">{0}…</ellipsis>
		<ellipsis type="initial">…{0}</ellipsis>
		<ellipsis type="medial">{0}…{1}</ellipsis>
	</characters>
	<delimiters>
		<quotationStart>“</quotationStart>
		<quotationEnd>”</quotationEnd>
		<alternateQuotationStart>‘</alternateQuotationStart>
		<alternateQuotationEnd>’</alternateQuotationEnd>
	</delimiters>
	<dates>
		<fields>
			<field type="year">
				<displayName>mwɛ̌</displayName>
			</field>
			<field type="month">
				<displayName>ngɔn</displayName>
			</field>
			<field type="week">
				<displayName>sɔ̂ndé</displayName>
			</field>
			<field type="day">
				<displayName>mbwɛ</displayName>
				<relative type="-2">súúbɛ</relative>
				<relative type="-1">chǎn ábe éʼtómé</relative>
				<relative type="0">chii</relative>
				<relative type="1">chǎn ábe éʼhúɛʼ</relative>
			</field>
			<field type="hour">
				<displayName>háwa</displayName>
			</field>
			<field type="minute">
				<displayName>menúte</displayName>
			</field>
		</fields>
		<timeZoneNames>
			<zone type="Etc/GMT+1">
				<exemplarCity>GMT+1</exemplarCity>
			</zone>
		</timeZoneNames>
	</dates>
	<numbers>
		<symbols numberSystem="latn">
			<decimal>.</decimal>
			<group>,</group>
			<percentSign>%</percentSign>
			<plusSign>+</plusSign>
			<minusSign>-</minusSign>
			<perMille>‰</perMille>
			<infinity>∞</infinity>
		</symbols>
		<decimalFormats numberSystem="latn">
			<decimalFormatLength>
				<decimalFormat>
					<pattern>#,##0.###</pattern>
				</decimalFormat>
			</decimalFormatLength>
		</decimalFormats>
		<percentFormats numberSystem="latn">
			<percentFormatLength>
				<percentFormat>
					<pattern>#,##0%</pattern>
				</percentFormat>
			</percentFormatLength>
		</percentFormats>
		<currencyFormats numberSystem="latn">
			<currencyFormatLength>
				<currencyFormat type="standard">
					<pattern>¤ #,##0.00</pattern>
				</currencyFormat>
			</currencyFormatLength>
		</currencyFormats>
		<currencies>
			<currency type="XAF">
				<displayName>Frânke CFA</displayName>
				<symbol>FCFA</symbol>
			</currency>
		</currencies>
	</numbers>
	<listPatterns>
		<listPattern>
			<listPatternPart type="start">{0}, {1}</listPatternPart>
			<listPatternPart type="middle">{0}, {1}</listPatternPart>
			<listPatternPart type="end">{0} {1}</listPatternPart>
			<listPatternPart type="2">{0}, {1}</listPatternPart>
		</listPattern>
	</listPatterns>
</ldml>
