<?xml version="1.0" encoding="UTF-8" ?>
<!DOCTYPE ldml SYSTEM "../../common/dtd/ldml.dtd">
<!-- Copyright © 1991-2019 Unicode, Inc.
For terms of use, see http://www.unicode.org/copyright.html
Unicode and the Unicode Logo are registered trademarks of Unicode, Inc. in the U.S. and other countries.
CLDR data files are interpreted according to the LDML specification (http://unicode.org/reports/tr35/)
-->
<ldml>
	<identity>
		<version number="$Revision$"/>
		<language type="co"/>
	</identity>
	<layout>
		<orientation>
			<characterOrder>left-to-right</characterOrder>
			<lineOrder>top-to-bottom</lineOrder>
		</orientation>
	</layout>
	<characters>
		<exemplarCharacters>[a à b c {chj} d e è f g {ghj} h i ì ï j l m n o ò p q r s {sc} {sg} t u ù ü v z]</exemplarCharacters>
		<exemplarCharacters type="auxiliary">[â æ ç é ê ë î k ñ ô œ ú ǔ w x y ÿ]</exemplarCharacters>
		<exemplarCharacters type="index">[A B C {CHJ} D E F G {GHJ} H I J L M N O P Q R S {SC} {SG} T U V Z]</exemplarCharacters>
	</characters>
</ldml>
