<?xml version="1.0" encoding="UTF-8" ?>
<!DOCTYPE ldml SYSTEM "../../common/dtd/ldml.dtd">
<!-- Copyright © 1991-2019 Unicode, Inc.
For terms of use, see http://www.unicode.org/copyright.html
Unicode and the Unicode Logo are registered trademarks of Unicode, Inc. in the U.S. and other countries.
CLDR data files are interpreted according to the LDML specification (http://unicode.org/reports/tr35/)
-->
<ldml>
	<identity>
		<version number="$Revision$"/>
		<language type="gn"/>
	</identity>
	<layout>
		<orientation>
			<characterOrder>left-to-right</characterOrder>
			<lineOrder>top-to-bottom</lineOrder>
		</orientation>
	</layout>
	<characters>
		<exemplarCharacters>[a ã {ch} e ẽ g {g\u0303} h i ĩ j k l m {mb} n ñ {nd} {ng} {nt} o õ p r {rr} s t u ũ v y ỹ ʼ]</exemplarCharacters>
		<exemplarCharacters type="auxiliary">[b c d f q w x z]</exemplarCharacters>
		<exemplarCharacters type="index">[A Ã {CH} E Ẽ G {G\u0303} H I Ĩ J K L M {MB} N Ñ {ND} {NG} {NT} O Õ P R {RR} S T U Ũ V Y Ỹ ʼ]</exemplarCharacters>
	</characters>
	<numbers>
		<currencies>
			<currency type="PYG">
				<symbol>₲</symbol>
			</currency>
		</currencies>
	</numbers>
</ldml>
