<?xml version="1.0" encoding="UTF-8" ?>
<!DOCTYPE ldml SYSTEM "../../common/dtd/ldml.dtd">
<!-- Copyright © 1991-2019 Unicode, Inc.
For terms of use, see http://www.unicode.org/copyright.html
Unicode and the Unicode Logo are registered trademarks of Unicode, Inc. in the U.S. and other countries.
CLDR data files are interpreted according to the LDML specification (http://unicode.org/reports/tr35/)
-->
<ldml>
	<identity>
		<version number="$Revision$"/>
		<language type="ken"/>
	</identity>
	<characters>
		<exemplarCharacters>[a á à ǎ b c d e é è ě ɛ {ɛ\u0301} {ɛ\u0300} {ɛ\u030C} f g {gb} {gh} h i ɨ {ɨ\u0301} {ɨ\u0300} {ɨ\u030C} j k {kp} m n {ny} ŋ o ó ò ǒ ɔ {ɔ\u0301} {ɔ\u0300} {ɔ\u030C} p r s t u ú ù ǔ ʉ {ʉ\u0301} {ʉ\u0300} {ʉ\u030C} w y]</exemplarCharacters>
		<exemplarCharacters type="auxiliary">[l q v x z]</exemplarCharacters>
		<exemplarCharacters type="index">[A b B C D E Ɛ F G h I Ɨ J K M N Ŋ O Ɔ p P R S T U Ʉ W y Y]</exemplarCharacters>
		<exemplarCharacters type="punctuation">[\- , ; \: ! ? . ‘ ’ “ ”]</exemplarCharacters>
		<!-- <plurals>
			 <pluralRule count="one">n is 1</pluralRule>
			 </plurals>
			 <regionInfo>
			 <region type="default">Cameroon</region>
			 <region type="other">none</region>
			 </regionInfo>
		-->
	</characters>
</ldml>
