<?xml version="1.0" encoding="UTF-8" ?>
<!DOCTYPE ldml SYSTEM "../../common/dtd/ldml.dtd">
<!-- Copyright © 1991-2019 Unicode, Inc.
For terms of use, see http://www.unicode.org/copyright.html
Unicode and the Unicode Logo are registered trademarks of Unicode, Inc. in the U.S. and other countries.
CLDR data files are interpreted according to the LDML specification (http://unicode.org/reports/tr35/)
-->
<ldml>
	<identity>
		<version number="$Revision$"/>
		<language type="mn"/>
		<script type="Mong"/>
		<territory type="MN"/>
	</identity>
	<localeDisplayNames>
		<languages>
			<language type="de">ᠭᠧᠷᠮᠠᠨ</language>
			<language type="de_AT">ᠠᠦᠰᠲᠷᠢ ᠭᠧᠷᠮᠠᠨ</language>
			<language type="de_CH">ᠰᠸᠢᠼᠸᠵᠯᠡᠨᠳᠠ ᠭᠧᠷᠮᠠᠨ</language>
			<language type="en">ᠠᠨᠭᠭᠯᠢ</language>
			<language type="en_AU">ᠠᠥ᠋ᠰᠲ᠋ᠠᠷᠠᠯᠢᠢ᠎ᠠ ᠠᠨᠭᠭᠯᠢ</language>
			<language type="en_CA">ᠻᠠᠨᠠᠳᠠ ᠠᠨᠭᠭᠯᠢ</language>
			<language type="en_GB">ᠪᠷᠢᠲ᠋ᠠᠨᠢ ᠠᠨᠭᠭᠯᠢ</language>
			<language type="en_GB" alt="short">ᠪᠷᠢᠲ᠋ᠠᠨᠢ ᠠᠨᠭᠭᠯᠢ</language>
			<language type="en_US">ᠠᠮᠧᠷᠢᠺᠠ ᠠᠨᠭᠭᠯᠢ</language>
			<language type="en_US" alt="short">ᠠᠮᠧᠷᠢᠺᠠ ᠠᠨᠭᠭᠯᠢ</language>
			<language type="es">ᠢᠰᠫᠠᠨᠢ</language>
			<language type="es_419">ᠢᠰᠫᠠᠨᠢ (ᠯᠠᠠᠲ᠋ᠢᠨ ᠡᠠᠮᠸᠷᠢᠺᠠ)</language>
			<language type="es_ES">ᠢᠰᠫᠠᠨᠢ (ᠢᠰᠫᠠᠨᠢ)</language>
			<language type="es_MX">ᠢᠰᠫᠠᠨᠢ (ᠮᠸᠺᠰᠢᠺᠦ)</language>
			<language type="fr">ᠹᠷᠠᠨᠼᠠ</language>
			<language type="fr_CA">ᠹᠷᠠᠨᠼᠠ ᠹᠷᠠᠨᠼᠠ</language>
			<language type="fr_CH">ᠰᠸᠢᠼᠸᠵᠯᠡᠨ᠋ᠳ᠋ ᠹᠷᠠᠨᠼᠠ</language>
			<language type="it">ᠢᠲ᠋ᠠᠯᠢ</language>
			<language type="ja">ᠶᠡᠫᠥᠠ</language>
			<language type="mn">ᠮᠣᠩᠭᠣᠯ</language>
			<language type="pt">ᠫᠣᠷᠲ᠋ᠦ᠋ᠭᠠᠯᠢ</language>
			<language type="pt_PT">ᠫᠣᠷᠲ᠋ᠦ᠋ᠭᠠᠯᠢ (ᠫᠣᠷᠲ᠋ᠦ᠋ᠭᠠᠯᠢ)</language>
			<language type="ru">ᠣᠷᠣᠰ</language>
			<language type="und">ᠲᠣᠳᠣᠷᠬᠠᠢ ᠥᠭᠡᠢ ᠬᠡᠯᠡ</language>
			<language type="zh">ᠬᠢᠳᠠᠳ</language>
			<language type="zh_Hans">ᠬᠢᠯᠪᠠᠷᠰᠢᠭᠣᠯᠣᠭᠰᠠᠨ ᠬᠢᠳᠠᠳ</language>
			<language type="zh_Hant">ᠣᠯᠠᠮᠵᠢᠯᠠᠯᠳᠥ ᠬᠢᠳᠠᠳ</language>
		</languages>
		<scripts>
			<script type="Arab">ᠡᠡᠷᠡᠪ</script>
			<script type="Cyrl">ᠻᠢᠷᠢᠯᠯ</script>
			<script type="Hans">ᠺᠢᠯᠪᠡᠷᠰᠢᠭᠣᠯᠥᠡᠡᠰᠡᠠ</script>
			<script type="Hans" alt="stand-alone">ᠺᠢᠯᠪᠡᠷᠰᠢᠭᠣᠯᠥᠡᠡᠰᠡᠠ ᠬᠠᠠᠵᠢ</script>
			<script type="Hant">ᠣᠯᠠᠮᠵᠥᠯᠠᠯᠳᠥ</script>
			<script type="Hant" alt="stand-alone">ᠣᠯᠡᠮᠵᠢᠯᠡᠯᠳᠥ ᠬᠠᠨᠵᠢ</script>
			<script type="Latn">ᠯᠠᠲ᠋ᠢᠨ</script>
			<script type="Mong">ᠮᠣᠩᠭᠣᠯ ᠪᠢᠴᠢᠭ᠌</script>
			<script type="Zxxx">ᠪᠢᠴᠢᠭᠳᠡᠭᠡ ᠥᠭᠡᠢ</script>
			<script type="Zzzz">ᠳᠥᠳᠥᠷᠬᠠᠢ ᠥᠬᠡᠢ ᠪᠢᠴᠢᠭ᠌</script>
		</scripts>
		<territories>
			<territory type="BR">ᠪᠷᠠᠽᠢᠯ</territory>
			<territory type="CN">ᠬᠢᠳᠠᠳ</territory>
			<territory type="DE">ᠭᠧᠷᠮᠠᠨ</territory>
			<territory type="FR">ᠫᠷᠠᠨ᠋᠋ᠼᠠ</territory>
			<territory type="GB">ᠶᠡᠺᠡ ᠪᠷᠢᠲ᠋ᠠᠨᠢ</territory>
			<territory type="IN">ᠡᠨᠡᠳᠬᠡᠭ᠌</territory>
			<territory type="IT">ᠢᠲ᠋ᠠᠯᠢ</territory>
			<territory type="JP">ᠶᠠᠫᠣᠨ</territory>
			<territory type="MN">ᠮᠣᠩᠭᠣᠯ</territory>
			<territory type="RU">ᠣᠷᠣᠰ</territory>
			<territory type="US">ᠠᠮᠸᠷᠢᠻᠠ ᠎ᠢᠢᠨ ᠨᠢᠭᠡᠳᠥᠭᠰᠡᠠ ᠡᠣᠯᠣᠰ</territory>
			<territory type="ZZ">ᠳᠣᠳᠣᠷᠬᠠᠢ ᠥᠭᠡᠢ ᠪᠥᠰᠠ</territory>
		</territories>
		<types>
			<type key="calendar" type="gregorian">ᠭᠸᠷᠸᠭᠣᠷᠢ   ᠢᠨ ᠬᠣᠸᠠᠩᠯᠢ</type>
			<type key="collation" type="standard">ᠰᠲ᠋ᠠᠨ᠋ᠳᠠᠷᠳ᠋ ᠡᠷᠡᠮᠪᠡᠯᠡᠬᠥ ᠳᠠᠷᠠᠭᠠᠯᠠᠯ</type>
			<type key="numbers" type="latn">ᠠᠷᠠᠪ ᠲᠣᠭ᠎ᠠ</type>
			<type key="numbers" type="mong">ᠮᠣᠩᠭᠣᠯ ᠲᠣᠭ᠎ᠠ</type>
		</types>
		<measurementSystemNames>
			<measurementSystemName type="metric">ᠮᠧᠲ᠋ᠷ ᠦᠨ</measurementSystemName>
			<measurementSystemName type="UK">ᠢ᠂ ᠪ</measurementSystemName>
			<measurementSystemName type="US">ᠠ᠂ ᠨ᠂ ᠣ</measurementSystemName>
		</measurementSystemNames>
		<codePatterns>
			<codePattern type="language">ᠺᠡᠯᠠ᠄ {0}</codePattern>
			<codePattern type="script">ᠪᠢᠴᠢᠭ᠌: {0}</codePattern>
			<codePattern type="territory">ᠮᠣᠵᠢ᠄ {0}</codePattern>
		</codePatterns>
	</localeDisplayNames>
	<dates>
		<calendars>
			<calendar type="generic">
				<dateFormats>
					<dateFormatLength type="full">
						<dateFormat>
							<pattern>y ᠤᠨ ᠣ MM ᠰᠠᠷ ᠠ ᠢᠢᠨ dd</pattern>
						</dateFormat>
					</dateFormatLength>
					<dateFormatLength type="long">
						<dateFormat>
							<pattern>y ᠣᠨ ᠎ᠤ MM ᠰᠠᠷ᠎ᠠ ᠎ᠢᠢᠨ dd</pattern>
						</dateFormat>
					</dateFormatLength>
					<dateFormatLength type="medium">
						<dateFormat>
							<pattern>y MM d</pattern>
						</dateFormat>
					</dateFormatLength>
					<dateFormatLength type="short">
						<dateFormat>
							<pattern>y-MM-dd</pattern>
						</dateFormat>
					</dateFormatLength>
				</dateFormats>
				<dateTimeFormats>
					<intervalFormats>
						<intervalFormatFallback>{0} - {1}</intervalFormatFallback>
					</intervalFormats>
				</dateTimeFormats>
			</calendar>
			<calendar type="gregorian">
				<months>
					<monthContext type="format">
						<monthWidth type="abbreviated">
							<month type="1">1 ᠊ᠷ ᠰᠠᠷ᠎ᠠ</month>
							<month type="2">2 ᠊ᠷ ᠰᠠᠷ᠎ᠠ</month>
							<month type="3">3᠊ᠷ ᠰᠠᠷ᠎ᠠ</month>
							<month type="4">4 ᠊ᠷ ᠰᠠᠷ᠎ᠠ</month>
							<month type="5">5 ᠊ᠷ ᠰᠠᠷ᠎ᠠ</month>
							<month type="6">6 ᠊ᠷ ᠰᠠᠷ᠎ᠠ</month>
							<month type="7">7 ᠊ᠷ ᠰᠠᠷ᠎ᠠ</month>
							<month type="8">8᠊ᠷ ᠰᠠᠷ᠎ᠠ</month>
							<month type="9">9 ᠊ᠷ ᠰᠠᠷ᠎ᠠ</month>
							<month type="10">10 ᠊ᠷ ᠰᠠᠷ᠎ᠠ</month>
							<month type="11">11 ᠊ᠷ ᠰᠠᠷ᠎ᠠ</month>
							<month type="12">12 ᠊ᠷ ᠰᠠᠷ᠎ᠠ</month>
						</monthWidth>
						<monthWidth type="narrow">
							<month type="1">I</month>
							<month type="2">II</month>
							<month type="3">III</month>
							<month type="4">IV</month>
							<month type="5">V</month>
							<month type="6">VI</month>
							<month type="7">VII</month>
							<month type="8">VIII</month>
							<month type="9">IX</month>
							<month type="10">X</month>
							<month type="11">XI</month>
							<month type="12">XII</month>
						</monthWidth>
						<monthWidth type="wide">
							<month type="1">ᠨᠢᠭᠡᠳᠥᠭᠡᠷ ᠰᠠᠷ᠎ᠠ</month>
							<month type="2">ᠬᠣᠶᠠᠳᠣᠭᠠᠷ ᠰᠠᠷ ᠠ</month>
							<month type="3">ᠭᠣᠷᠪᠡᠳᠣᠭᠠᠷ ᠰᠠᠷ ᠠ</month>
							<month type="4">ᠳᠥᠷᠪᠡᠳᠥᠭᠡᠷ ᠰᠠᠷ᠎ᠠ</month>
							<month type="5">ᠲᠠᠪᠣᠳᠣᠭᠠᠷ ᠰᠠᠷ ᠠ</month>
							<month type="6">ᠵᠢᠷᠭᠣᠭᠠᠳᠣᠭᠠᠷ ᠰᠠᠷ᠎ᠠ</month>
							<month type="7">ᠲᠣᠯᠣᠭᠠᠳᠣᠭᠠᠷ ᠰᠠᠷ᠎ᠠ</month>
							<month type="8">ᠨᠠᠢᠮᠠᠳᠥᠭᠠᠷ ᠰᠠᠷ᠎ᠠ</month>
							<month type="9">ᠶᠢᠰᠥᠳᠥᠭᠡᠷ ᠰᠠᠷ᠎ᠠ</month>
							<month type="10">ᠠᠷᠪᠠᠳᠣᠭᠠᠷ ᠰᠠᠷ᠎ᠠ</month>
							<month type="11">ᠠᠷᠪᠠᠨ ᠨᠢᠭᠡᠳᠥᠭᠡᠷ ᠰᠠᠷ᠎ᠠ</month>
							<month type="12">ᠠᠷᠪᠠᠨ ᠬᠣᠶᠠᠳᠣᠭᠠᠷ ᠰᠠᠷ᠎ᠠ</month>
						</monthWidth>
					</monthContext>
					<monthContext type="stand-alone">
						<monthWidth type="abbreviated">
							<month type="1">1 ᠊ᠷ ᠰᠠᠷ᠎ᠠ</month>
							<month type="2">2 ᠊ᠷ ᠰᠠᠷ᠎ᠠ</month>
							<month type="3">3᠊ᠷ ᠰᠠᠷ᠎ᠠ</month>
							<month type="4">4 ᠊ᠷ ᠰᠠᠷ᠎ᠠ</month>
							<month type="5">5 ᠊ᠷ ᠰᠠᠷ᠎ᠠ</month>
							<month type="6">6 ᠊ᠷ ᠰᠠᠷ᠎ᠠ</month>
							<month type="7">7 ᠊ᠷ ᠰᠠᠷ᠎ᠠ</month>
							<month type="8">8 ᠊ᠷ ᠰᠠᠷ᠎ᠠ</month>
							<month type="9">9 ᠊ᠷ ᠰᠠᠷ᠎ᠠ</month>
							<month type="10">10 ᠊ᠷ ᠰᠠᠷ᠎ᠠ</month>
							<month type="11">11᠊ᠷ ᠰᠠᠷ᠎ᠠ</month>
							<month type="12">12᠊ᠷ ᠰᠠᠷ᠎ᠠ</month>
						</monthWidth>
						<monthWidth type="narrow">
							<month type="1">I</month>
							<month type="2">II</month>
							<month type="3">III</month>
							<month type="4">IV</month>
							<month type="5">V</month>
							<month type="6">VI</month>
							<month type="7">VII</month>
							<month type="8">VIII</month>
							<month type="9">IX</month>
							<month type="10">X</month>
							<month type="11">XI</month>
							<month type="12">XII</month>
						</monthWidth>
						<monthWidth type="wide">
							<month type="4">ᠳᠥᠷᠪᠡᠳᠥᠭᠡᠷ ᠰᠠᠷ᠎ᠠ</month>
						</monthWidth>
					</monthContext>
				</months>
				<days>
					<dayContext type="format">
						<dayWidth type="abbreviated">
							<day type="sun">ᠨᠢ</day>
							<day type="mon">ᠲᠠ</day>
							<day type="tue">ᠮᠢᠭ</day>
							<day type="wed">ᡀᠠ</day>
							<day type="thu">ᠫᠥᠷ</day>
							<day type="fri">ᠪᠠ</day>
							<day type="sat">ᠪᠢᠮ</day>
						</dayWidth>
						<dayWidth type="narrow">
							<day type="sun">ᠨᠢ</day>
							<day type="mon">ᠳᠠ</day>
							<day type="tue">ᠮᠢᠭ</day>
							<day type="wed">ᡀᠠ</day>
							<day type="thu">ᠫᠥᠷ</day>
							<day type="fri">ᠪᠠ</day>
							<day type="sat">ᠪᠢ</day>
						</dayWidth>
						<dayWidth type="wide">
							<day type="sun">ᠨᠢᠮ᠎ᠠ</day>
							<day type="mon">ᠳᠠᠸᠠ</day>
							<day type="tue">ᠮᠢᠠᠠᠮᠠᠷ</day>
							<day type="wed">ᡀᠠᠭᠪᠠ</day>
							<day type="thu">ᠫᠦᠷᠪᠦ</day>
							<day type="fri">ᠪᠠᠰᠠᠩ</day>
							<day type="sat">ᠪᠢᠮᠪᠠ</day>
						</dayWidth>
					</dayContext>
					<dayContext type="stand-alone">
						<dayWidth type="abbreviated">
							<day type="sun">ᠨᠢ</day>
							<day type="mon">ᠳᠠ</day>
							<day type="tue">ᠮᠢᠭ</day>
							<day type="wed">ᡀᠠ</day>
							<day type="thu">ᠫᠦᠷ</day>
							<day type="fri">ᠪᠠ</day>
							<day type="sat">ᠪᠢᠮ</day>
						</dayWidth>
						<dayWidth type="narrow">
							<day type="sun">ᠨᠢ</day>
							<day type="mon">ᠳᠠ</day>
							<day type="tue">ᠮᠢᠭ</day>
							<day type="wed">ᡀᠠ</day>
							<day type="thu">ᠫᠥᠷ</day>
							<day type="fri">ᠪᠠ</day>
							<day type="sat">ᠪᠢᠮ</day>
						</dayWidth>
						<dayWidth type="wide">
							<day type="sun">ᠨᠢᠮ᠎ᠠ</day>
							<day type="mon">ᠳᠠᠸᠠ</day>
							<day type="tue">ᠮᠢᠠᠠᠮᠠᠷ</day>
							<day type="wed">ᡀᠠᠭᠪᠠ</day>
							<day type="thu">ᠫᠦᠷᠪᠦ</day>
							<day type="fri">ᠪᠠᠰᠠᠩ</day>
							<day type="sat">ᠪᠢᠮᠪᠠ</day>
						</dayWidth>
					</dayContext>
				</days>
				<quarters>
					<quarterContext type="format">
						<quarterWidth type="abbreviated">
							<quarter type="1">1 ᠣᠯᠠᠷᠢᠯ</quarter>
							<quarter type="2">2 ᠣᠯᠠᠷᠢᠯ</quarter>
							<quarter type="3">3 ᠣᠯᠠᠷᠢᠯ</quarter>
							<quarter type="4">4 ᠣᠯᠠᠷᠢᠯ</quarter>
						</quarterWidth>
						<quarterWidth type="narrow">
							<quarter type="1">I</quarter>
							<quarter type="2">II</quarter>
							<quarter type="3">III</quarter>
							<quarter type="4">IV</quarter>
						</quarterWidth>
						<quarterWidth type="wide">
							<quarter type="1">1 ᠊ᠷ ᠣᠯᠠᠷᠢᠯ</quarter>
							<quarter type="2">2 ᠊ᠷ ᠣᠯᠠᠷᠢᠯ</quarter>
							<quarter type="3">3 ᠊ᠷ ᠣᠯᠠᠷᠢᠯ</quarter>
							<quarter type="4">4 ᠊ᠷ ᠣᠯᠠᠷᠢᠯ</quarter>
						</quarterWidth>
					</quarterContext>
					<quarterContext type="stand-alone">
						<quarterWidth type="abbreviated">
							<quarter type="1">I</quarter>
							<quarter type="2">II</quarter>
							<quarter type="3">III</quarter>
							<quarter type="4">IV</quarter>
						</quarterWidth>
						<quarterWidth type="narrow">
							<quarter type="1">I</quarter>
							<quarter type="2">II</quarter>
							<quarter type="3">III</quarter>
							<quarter type="4">IV</quarter>
						</quarterWidth>
						<quarterWidth type="wide">
							<quarter type="1">1 ᠊ᠷ ᠣᠯᠠᠷᠢᠯ</quarter>
							<quarter type="2">2 ᠊ᠷ ᠣᠯᠠᠷᠢᠯ</quarter>
							<quarter type="3">3 ᠊ᠷ ᠣᠯᠠᠷᠢᠯ</quarter>
							<quarter type="4">4 ᠊ᠷ ᠣᠯᠠᠷᠢᠯ</quarter>
						</quarterWidth>
					</quarterContext>
				</quarters>
				<dayPeriods>
					<dayPeriodContext type="format">
						<dayPeriodWidth type="wide">
							<dayPeriod type="am">ᠦ᠂ ᠥ</dayPeriod>
							<dayPeriod type="pm">ᠦ᠂ ᠬᠣ</dayPeriod>
						</dayPeriodWidth>
					</dayPeriodContext>
				</dayPeriods>
				<eras>
					<eraAbbr>
						<era type="0">ᠮ᠂ ᠡᠡ᠂ ᠦ</era>
						<era type="0" alt="variant">ᠨ᠂ ᠲ᠂ ᠥ</era>
						<era type="1">ᠮ᠂ ᠡ</era>
						<era type="1" alt="variant">ᠨ᠂ ᠲ</era>
					</eraAbbr>
				</eras>
				<dateFormats>
					<dateFormatLength type="full">
						<dateFormat>
							<pattern>y ᠣᠨ ᠎᠎᠎ᠤ MMMM᠎᠎ᠢᠢᠨd. EEEE ᠋ᠭᠠᠷᠠᠭ</pattern>
						</dateFormat>
					</dateFormatLength>
					<dateFormatLength type="long">
						<dateFormat>
							<pattern>y ᠋ᠣᠨ  ᠤMMMM᠎᠎  ᠤᠩ d</pattern>
						</dateFormat>
					</dateFormatLength>
					<dateFormatLength type="medium">
						<dateFormat>
							<pattern>y.MM.dd</pattern>
						</dateFormat>
					</dateFormatLength>
					<dateFormatLength type="short">
						<dateFormat>
							<pattern>y.MM.dd</pattern>
						</dateFormat>
					</dateFormatLength>
				</dateFormats>
				<timeFormats>
					<timeFormatLength type="full">
						<timeFormat>
							<pattern>HH:mm:ss (zzzz)</pattern>
						</timeFormat>
					</timeFormatLength>
					<timeFormatLength type="long">
						<timeFormat>
							<pattern>HH:mm:ss (z)</pattern>
						</timeFormat>
					</timeFormatLength>
				</timeFormats>
			</calendar>
		</calendars>
		<fields>
			<field type="era">
				<displayName>ᠡᠷᠢᠨ</displayName>
			</field>
			<field type="year">
				<displayName>ᠵᠢᠯ</displayName>
			</field>
			<field type="year-short">
				<displayName>ᠵᠢᠯ</displayName>
			</field>
			<field type="year-narrow">
				<displayName>ᠵᠢᠯ</displayName>
			</field>
			<field type="quarter">
				<displayName>ᠣᠯᠠᠷᠢᠯ</displayName>
			</field>
			<field type="quarter-short">
				<displayName>ᠣᠯᠠᠷᠢᠯ</displayName>
			</field>
			<field type="quarter-narrow">
				<displayName>ᠣᠯᠠᠷᠢᠯ</displayName>
			</field>
			<field type="month">
				<displayName>ᠰᠠᠷ ᠠ</displayName>
			</field>
			<field type="month-short">
				<displayName>ᠰᠠᠷ ᠠ</displayName>
			</field>
			<field type="month-narrow">
				<displayName>ᠰᠡᠷ  ᠠ</displayName>
			</field>
			<field type="week">
				<displayName>ᠳᠣᠯᠣᠭ᠎ᠠ ᠬᠣᠨᠣᠭ</displayName>
			</field>
			<field type="week-short">
				<displayName>ᠳᠣᠯᠣᠭ᠎ᠠ ᠬᠣᠨᠣᠭ</displayName>
			</field>
			<field type="week-narrow">
				<displayName>7 ᠬᠣᠨᠣᠭ</displayName>
			</field>
			<field type="day">
				<displayName>ᠡᠳᠥᠷ</displayName>
				<relative type="-1">ᠥᠴᠥᠬᠡᠳᠥᠷ</relative>
				<relative type="0">ᠥᠨᠥᠳᠥᠷ</relative>
				<relative type="1">ᠮᠠᠷᠭᠠᠰᠢ</relative>
			</field>
			<field type="day-short">
				<displayName>ᠡᠳᠥᠷ</displayName>
			</field>
			<field type="day-narrow">
				<displayName>ᠡᠳᠥᠷ</displayName>
			</field>
			<field type="weekday">
				<displayName>ᠭᠠᠷᠠᠭ</displayName>
			</field>
			<field type="dayperiod">
				<displayName>ᠥᠳᠡ ᠡᠴᠠ ᠡᠮᠥᠨ᠎ᠠ / ᠥᠳᠡ ᠡᠴᠡ ᠬᠣᠢᠢᠰᠢ</displayName>
			</field>
			<field type="hour">
				<displayName>ᠴᠠᠭ</displayName>
			</field>
			<field type="hour-short">
				<displayName>ᠴ</displayName>
			</field>
			<field type="hour-narrow">
				<displayName>ᠴ</displayName>
			</field>
			<field type="minute">
				<displayName>ᠮᠢᠨᠥ᠋ᠲ᠋ᠠ</displayName>
			</field>
			<field type="minute-short">
				<displayName>ᠮᠢᠨ</displayName>
			</field>
			<field type="minute-narrow">
				<displayName>ᠮᠢᠨ</displayName>
			</field>
			<field type="second">
				<displayName>ᠰᠸᠻᠥ᠋ᠨ᠋ᠳᠡ</displayName>
			</field>
			<field type="second-short">
				<displayName>ᠰᠧᠻ</displayName>
			</field>
			<field type="second-narrow">
				<displayName>ᠰᠧᠻ</displayName>
			</field>
			<field type="zone">
				<displayName>ᠴᠠᠭ ᠎ᠤᠨ ᠪᠥᠰᠡ</displayName>
			</field>
		</fields>
		<timeZoneNames>
			<gmtFormat>GMT {0}</gmtFormat>
			<regionFormat>{0} ᠴᠠᠭ</regionFormat>
			<regionFormat type="daylight">{0} ᠵᠣᠨ ᠎᠎᠎ᠤ ᠴᠠᠭ</regionFormat>
			<regionFormat type="standard">{0} ᠰᠲ᠋ᠠᠨ᠋ᠳᠠᠷᠳ᠋ ᠴᠠᠭ</regionFormat>
			<zone type="Etc/UTC">
				<long>
					<standard>ᠣᠯᠠᠨ ᠣᠯᠣᠰ ᠤᠨ ᠵᠣᠬᠢᠴᠡᠭᠣᠯᠣᠯᠳᠠᠳᠠᠢ ᠴᠠᠭ</standard>
				</long>
			</zone>
			<zone type="Etc/Unknown">
				<exemplarCity>ᠥᠯᠥ ᠮᠡᠳᠡᠭᠳᠡᠬᠥ ᠬᠣᠳᠠ</exemplarCity>
			</zone>
			<zone type="Asia/Hovd">
				<exemplarCity>ᠬᠣᠪᠳᠣ</exemplarCity>
			</zone>
			<zone type="Asia/Ulaanbaatar">
				<exemplarCity>ᠣᠯᠠᠭᠠᠨᠪᠠᠭᠠᠳᠣᠷ</exemplarCity>
			</zone>
			<zone type="Asia/Choibalsan">
				<exemplarCity>ᠴᠥᠢᠪᠠᠯᠰᠨᠩ</exemplarCity>
			</zone>
			<metazone type="America_Central">
				<long>
					<generic>ᠲᠥᠪ ᠴᠠᠭ</generic>
					<standard>ᠳᠥᠪ ᠰᠲ᠋ᠠᠨ᠋ᠳᠠᠷᠳ᠋ ᠴᠠᠭ</standard>
					<daylight>ᠲᠥᠪ ᠵᠣᠨ ᠎᠎᠎ᠤ ᠴᠠᠭ</daylight>
				</long>
			</metazone>
			<metazone type="America_Eastern">
				<long>
					<generic>ᠵᠡᠭᠥᠨ ᠡᠷᠭᠡ ᠎ᠢᠢᠨ ᠴᠠᠭ</generic>
					<standard>ᠵᠡᠭᠥᠨ ᠡᠷᠭᠡ ᠎ᠢᠢᠨ ᠰᠲ᠋ᠠᠨ᠋ᠳᠠᠷᠳ᠋ ᠴᠠᠭ</standard>
					<daylight>ᠵᠡᠭᠥᠨ ᠡᠷᠭᠡ ᠎ᠢᠢᠨ ᠵᠣᠨ ᠎᠎᠎ᠤ ᠴᠠᠭ</daylight>
				</long>
			</metazone>
			<metazone type="America_Mountain">
				<long>
					<generic>ᠠᠭᠣᠯᠠ ᠎᠎᠎᠎ᠢᠢᠨ ᠴᠠᠭ</generic>
					<standard>ᠠᠭᠣᠯᠠ ᠎᠎᠎᠎ᠢᠢᠨ ᠰᠲ᠋ᠠᠨ᠋ᠳᠠᠷᠳ᠋ ᠴᠠᠭ</standard>
					<daylight>ᠠᠭᠣᠯᠠ ᠎ᠢᠢᠨ ᠵᠣᠨ ᠎᠎ᠤ ᠴᠠᠭ</daylight>
				</long>
			</metazone>
			<metazone type="America_Pacific">
				<long>
					<generic>ᠨᠣᠮᠣᠬᠠᠨ ᠳᠠᠯᠠᠢ ᠎ᠢᠢᠨ ᠴᠠᠭ</generic>
					<standard>ᠨᠣᠮᠣᠬᠠᠨ ᠳᠠᠯᠠᠢ ᠎᠎ᠢᠢᠨ ᠰᠲ᠋ᠠᠨ᠋ᠳᠠᠷᠳ᠋ ᠴᠠᠭ</standard>
					<daylight>ᠨᠣᠮᠣᠬᠠᠨ ᠳᠠᠯᠠᠢ ᠎ᠢᠢᠨ ᠵᠣᠨ ᠎᠎᠎ᠪ ᠴᠠᠭ</daylight>
				</long>
			</metazone>
			<metazone type="Atlantic">
				<long>
					<generic>ᠠᠲ᠋ᠯᠠᠨ᠋ᠲ᠋ ᠎ᠤᠨ ᠴᠠᠭ</generic>
					<standard>ᠠᠲ᠋ᠯᠠᠨ᠋ᠲ ᠎ᠤᠨ ᠰᠲ᠋ᠠᠨ᠋ᠳᠠᠷᠳ᠋ ᠴᠠᠭ</standard>
					<daylight>ᠠᠲ᠋ᠯᠠᠨ᠋ᠲ ᠎ᠤᠨ ᠵᠣᠨ ᠎ᠪ ᠴᠠᠭ</daylight>
				</long>
			</metazone>
			<metazone type="Europe_Central">
				<long>
					<generic>ᠲᠥᠪ ᠡᠸᠣᠢᠷᠤᠫᠠ ᠢᠢᠨ ᠴᠠᠭ</generic>
					<standard>ᠲᠥᠪ ᠡᠸᠣᠢᠷᠤᠫᠠ ᠢᠢᠨ ᠰᠲ᠋ᠠᠨ᠋ᠳᠠᠷᠳ᠋ ᠴᠠᠭ</standard>
					<daylight>ᠲᠥᠪ ᠡᠸᠣᠢᠷᠤᠫᠠ  ᠢᠢᠨ  ᠵᠣᠨ ᠎᠎ᠤ ᠴᠠᠭ</daylight>
				</long>
			</metazone>
			<metazone type="Europe_Eastern">
				<long>
					<generic>ᠵᠡᠭᠦᠨ ᠡᠸᠣᠢᠷᠤᠫᠠ ᠢᠢᠨ ᠴᠠᠭ</generic>
					<standard>ᠵᠡᠭᠦᠨ ᠡᠸᠣᠢᠷᠤᠫᠠ ᠢᠢᠨ ᠰᠲ᠋ᠠᠨ᠋ᠳᠠᠷᠳ᠋ ᠴᠠᠭ</standard>
					<daylight>ᠵᠡᠭᠦᠨ ᠡᠸᠣᠢᠷᠤᠫᠠ  ᠢᠢᠨ  ᠵᠣᠨ ᠎᠎ᠤ ᠴᠠᠭ</daylight>
				</long>
			</metazone>
			<metazone type="Europe_Western">
				<long>
					<generic>ᠪᠠᠷᠠᠭᠣᠨ ᠡᠸᠣᠢᠷᠤᠫᠠ ᠢᠢᠨ ᠴᠠᠭ</generic>
					<standard>ᠪᠠᠷᠠᠭᠣᠨ ᠡᠸᠣᠢᠷᠤᠫᠠ ᠢᠢᠨ ᠰᠲ᠋ᠠᠨ᠋ᠳᠠᠷᠳ᠋ ᠴᠠᠭ</standard>
					<daylight>ᠪᠠᠷᠠᠭᠣᠨ ᠡᠸᠣᠢᠷᠤᠫᠠ  ᠢᠢᠨ  ᠵᠣᠨ ᠎᠎ᠤ ᠴᠠᠭ</daylight>
				</long>
			</metazone>
			<metazone type="GMT">
				<long>
					<standard>ᠭᠷᠢᠨ᠋ᠸᠢᠴᠢ ᠢᠢᠨ ᠴᠠᠭ</standard>
				</long>
			</metazone>
		</timeZoneNames>
	</dates>
	<numbers>
		<symbols numberSystem="latn">
			<decimal draft="contributed">,</decimal>
		</symbols>
		<currencyFormats numberSystem="latn">
			<currencyFormatLength>
				<currencyFormat type="standard">
					<pattern>¤#,##0.00</pattern>
				</currencyFormat>
			</currencyFormatLength>
		</currencyFormats>
		<currencies>
			<currency type="BRL">
				<displayName>ᠪᠷᠠᠽᠢᠯ ᠤᠨ ᠷᠧᠠᠯ</displayName>
				<displayName count="one">ᠪᠷᠠᠽᠢᠯ ᠤᠨ ᠷᠧᠠᠯ</displayName>
				<displayName count="other">ᠪᠷᠠᠽᠢᠯ ᠤᠨ ᠷᠧᠠᠯ</displayName>
			</currency>
			<currency type="CNY">
				<displayName>ᠬᠢᠲᠠᠳ ᠶᠤᠸᠠᠨ</displayName>
				<displayName count="one">ᠬᠢᠲᠠᠳ ᠶᠤᠸᠠᠨ</displayName>
				<displayName count="other">ᠬᠢᠲᠠᠳ ᠶᠤᠸᠠᠨ</displayName>
			</currency>
			<currency type="EUR">
				<displayName>ᠶᠧᠸᠷᠣ</displayName>
				<displayName count="one">ᠶᠧᠸᠷᠣ</displayName>
				<displayName count="other">ᠶᠧᠸᠷᠣ</displayName>
			</currency>
			<currency type="GBP">
				<displayName>ᠪᠷᠢᠲ᠋ᠠᠨᠢ ᠢᠢᠨ ᠫᠤᠢᠨᠳ᠋</displayName>
				<displayName count="one">ᠪᠷᠢᠲ᠋ᠠᠨᠢ ᠢᠢᠨ ᠫᠤᠢᠨᠳ᠋</displayName>
				<displayName count="other">ᠪᠷᠢᠲ᠋ᠠᠨᠢ ᠢᠢᠨ ᠫᠤᠢᠨᠳ᠋</displayName>
			</currency>
			<currency type="INR">
				<displayName>ᠡᠨᠡᠳᠬᠡᠭ᠌ ᠷᠦᠫᠢ</displayName>
				<displayName count="one">ᠡᠨᠡᠳᠬᠡᠭ᠌ ᠷᠦᠫᠢ</displayName>
				<displayName count="other">ᠡᠨᠡᠳᠬᠡᠭ᠌ ᠷᠦᠫᠢ</displayName>
			</currency>
			<currency type="JPY">
				<displayName>ᠶᠠᠫᠣᠨ ᠧᠨ</displayName>
				<displayName count="one">ᠶᠠᠫᠣᠨ ᠧᠨ</displayName>
				<displayName count="other">ᠶᠠᠫᠣᠨ ᠧᠨ</displayName>
			</currency>
			<currency type="MNT">
				<displayName>ᠳᠥᠬᠥᠷᠢᠭ᠌</displayName>
				<displayName count="one">ᠳᠥᠬᠥᠷᠢᠭ᠌</displayName>
				<displayName count="other">ᠳᠥᠬᠥᠷᠢᠭ᠌</displayName>
				<symbol draft="contributed">₮</symbol>
			</currency>
			<currency type="RUB">
				<displayName>ᠣᠷᠥᠰ ᠷᠥᠪᠯᠢ</displayName>
				<displayName count="one">ᠣᠷᠥᠰ ᠷᠥᠪᠯᠢ</displayName>
				<displayName count="other">ᠣᠷᠥᠰ ᠷᠥᠪᠯᠢ</displayName>
			</currency>
			<currency type="USD">
				<displayName>ᠠᠮᠸᠷᠢᠻᠠ ᠳ᠋ᠣᠯᠯᠠᠷ</displayName>
				<displayName count="one">ᠠᠮᠸᠷᠢᠻᠠ ᠳ᠋ᠣᠯᠯᠠᠷ</displayName>
				<displayName count="other">ᠠᠮᠸᠷᠢᠻᠠ ᠳ᠋ᠣᠯᠯᠠᠷ</displayName>
			</currency>
			<currency type="XXX">
				<displayName>ᠲᠣᠳᠣᠷᠬᠠᠢ ᠥᠭᠡᠢ ᠮᠥᠩᠭᠥᠨ ᠲᠡᠮᠳᠡᠭᠳᠥ</displayName>
				<displayName count="one">ᠲᠣᠳᠣᠷᠬᠠᠢ ᠥᠭᠡᠢ ᠮᠥᠩᠭᠥᠨ ᠲᠡᠮᠳᠡᠭᠳᠥ ᠢᠢᠨ ᠨᠢᠭᠡᠴᠡ</displayName>
				<displayName count="other">(ᠲᠣᠳᠣᠷᠬᠠᠢ ᠥᠭᠡᠢ ᠮᠥᠩᠭᠥᠨ ᠲᠡᠮᠳᠡᠭᠳᠥ)</displayName>
			</currency>
		</currencies>
	</numbers>
	<units>
		<durationUnit type="hm">
			<durationUnitPattern>hh:mm</durationUnitPattern>
		</durationUnit>
		<durationUnit type="hms">
			<durationUnitPattern>hh:mm:ss</durationUnitPattern>
		</durationUnit>
	</units>
	<posix>
		<messages>
			<yesstr>ᠲᠡᠢᠢᠮᠣ᠄ ᠲ</yesstr>
			<nostr>ᠥᠬᠡᠢ᠄ ᠥ</nostr>
		</messages>
	</posix>
</ldml>
