<?xml version="1.0" encoding="UTF-8"?>
<!DOCTYPE ldml SYSTEM "../../common/dtd/ldml.dtd">
<!-- Copyright © 1991-2018 Unicode, Inc.
For terms of use, see http://www.unicode.org/copyright.html
Unicode and the Unicode Logo are registered trademarks of Unicode, Inc. in the U.S. and other countries.
CLDR data files are interpreted according to the LDML specification (http://unicode.org/reports/tr35/)
-->
<ldml>
	<identity>
		<version number="$Revision$"/>
		<language type="mus"/>
	</identity>
	<localeDisplayNames>
		<languages>
			<language type="mus">Mvskoke</language>
		</languages>
		<territories>
			<territory type="US">United States</territory>
		</territories>
		<measurementSystemNames>
			<measurementSystemName type="US">US</measurementSystemName>
		</measurementSystemNames>
	</localeDisplayNames>
	<characters>
		<exemplarCharacters>[a c e f h i k l m n o p r s t u v w y ʼ]</exemplarCharacters>
        <exemplarCharacters type="auxiliary">[b d ē g j q z]</exemplarCharacters>
        <exemplarCharacters type="index">[A C E F H I K L M N O P R S T U V W Y]</exemplarCharacters>
        <exemplarCharacters type="numbers">[\- , . % ‰ + 0 1 2 3 4 5 6 7 8 9]</exemplarCharacters>
        <exemplarCharacters type="punctuation">[\- ‐ – — , ; \: ! ? . … ' ‘ ’ &quot; “ ” ( ) \[ \] § @ * / \&amp; # † ‡ ′ ″]</exemplarCharacters>
	</characters>
	<dates>
		<calendars>
			<calendar type="generic">
				<dateFormats>
					<dateFormatLength type="full">
						<dateFormat>
							<pattern draft="unconfirmed">EEEE, MMMM d, y G</pattern>
						</dateFormat>
					</dateFormatLength>
					<dateFormatLength type="long">
						<dateFormat>
							<pattern draft="unconfirmed">MMMM d, y G</pattern>
						</dateFormat>
					</dateFormatLength>
					<dateFormatLength type="medium">
						<dateFormat>
							<pattern draft="unconfirmed">MMM d, y G</pattern>
						</dateFormat>
					</dateFormatLength>
					<dateFormatLength type="short">
						<dateFormat>
							<pattern draft="unconfirmed">M/d/y GGGGG</pattern>
						</dateFormat>
					</dateFormatLength>
				</dateFormats>
			</calendar>
			<calendar type="gregorian">
				<months>
					<monthContext type="format">
						<monthWidth type="wide">
							<month type="1">Rvfo Ecuse</month>
							<month type="2">Hotvlē-hvse</month>
							<month type="3">Tasahcuce</month>
							<month type="4">Tasahce-rakko</month>
							<month type="5">Kē-hvse</month>
							<month type="6">Kvco-hvse</month>
							<month type="7">Hvyuce</month>
							<month type="8">Hvyo-rakko</month>
							<month type="9">Otowoskuce</month>
							<month type="10">Otowoskv-rakko</month>
							<month type="11">Eholē</month>
							<month type="12">Rvfo-rakko</month>
						</monthWidth>
					</monthContext>
				</months>
				<days>
					<dayContext type="format">
						<dayWidth type="narrow">
							<day type="sun">C</day>
							<day type="mon">M</day>
							<day type="tue">E</day>
							<day type="wed">K</day>
							<day type="thu">H</day>
							<day type="fri">O</day>
							<day type="sat">S</day>
						</dayWidth>
						<dayWidth type="wide">
							<day type="sun">ʻTv-cakuce</day>
							<day type="mon">Mvnte</day>
							<day type="tue">Mvnte Enhvyvtke</day>
							<day type="wed">Ennvrkvpv</day>
							<day type="thu">Ennvrkvpv Enhvyvtke</day>
							<day type="fri">Okkoskv Nettv</day>
							<day type="sat">‘Tv-cako Ecuse</day>
						</dayWidth>
					</dayContext>
				</days>
				<dateFormats>
					<dateFormatLength type="full">
						<dateFormat>
							<pattern draft="unconfirmed">EEEE, MMMM d, y</pattern>
						</dateFormat>
					</dateFormatLength>
					<dateFormatLength type="long">
						<dateFormat>
							<pattern draft="unconfirmed">MMMM d, y</pattern>
						</dateFormat>
					</dateFormatLength>
					<dateFormatLength type="medium">
						<dateFormat>
							<pattern draft="unconfirmed">MMM d, y</pattern>
						</dateFormat>
					</dateFormatLength>
					<dateFormatLength type="short">
						<dateFormat>
							<pattern draft="unconfirmed">M/d/yy</pattern>
						</dateFormat>
					</dateFormatLength>
				</dateFormats>
				<timeFormats>
					<timeFormatLength type="full">
						<timeFormat>
							<pattern draft="unconfirmed">h:mm:ss a zzzz</pattern>
						</timeFormat>
					</timeFormatLength>
					<timeFormatLength type="long">
						<timeFormat>
							<pattern draft="unconfirmed">h:mm:ss a z</pattern>
						</timeFormat>
					</timeFormatLength>
					<timeFormatLength type="medium">
						<timeFormat>
							<pattern draft="unconfirmed">h:mm:ss a</pattern>
						</timeFormat>
					</timeFormatLength>
					<timeFormatLength type="short">
						<timeFormat>
							<pattern draft="unconfirmed">h:mm a</pattern>
						</timeFormat>
					</timeFormatLength>
				</timeFormats>
			</calendar>
		</calendars>
	</dates>
	<numbers>
		<symbols numberSystem="latn">
			<decimal draft="unconfirmed">.</decimal>
			<group draft="unconfirmed">,</group>
			<list draft="unconfirmed">;</list>
			<percentSign draft="unconfirmed">%</percentSign>
			<plusSign draft="unconfirmed">+</plusSign>
			<minusSign draft="unconfirmed">-</minusSign>
			<exponential draft="unconfirmed">E</exponential>
			<perMille draft="unconfirmed">‰</perMille>
			<infinity draft="unconfirmed">∞</infinity>
			<nan draft="unconfirmed">NaN</nan>
		</symbols>
		<currencyFormats numberSystem="latn">
			<currencyFormatLength type="short">
				<currencyFormat type="standard">
					<pattern type="1000" count="other" draft="provisional">¤ 0K</pattern>
					<pattern type="10000" count="other" draft="provisional">¤ 00K</pattern>
					<pattern type="100000" count="other" draft="provisional">¤ 000K</pattern>
					<pattern type="1000000" count="other" draft="provisional">¤ 0M</pattern>
					<pattern type="10000000" count="other" draft="provisional">¤ 00M</pattern>
					<pattern type="100000000" count="other" draft="provisional">¤ 000M</pattern>
					<pattern type="1000000000" count="other" draft="provisional">¤ 0G</pattern>
					<pattern type="10000000000" count="other" draft="provisional">¤ 00G</pattern>
					<pattern type="100000000000" count="other" draft="provisional">¤ 000G</pattern>
					<pattern type="1000000000000" count="other" draft="provisional">¤ 0T</pattern>
					<pattern type="10000000000000" count="other" draft="provisional">¤ 00T</pattern>
					<pattern type="100000000000000" count="other" draft="provisional">¤ 000T</pattern>
				</currencyFormat>
			</currencyFormatLength>
		</currencyFormats>
		<currencies>
			<currency type="USD">
				<symbol>$</symbol>
			</currency>
		</currencies>
	</numbers>
	<units>
		<unitLength type="long">
			<unit type="duration-year">
				<displayName draft="provisional">Ohrolopē</displayName>
				<unitPattern count="other">Ohrolopē {0}</unitPattern>
			</unit>
			<unit type="duration-month">
				<displayName draft="provisional">Hvse</displayName>
				<unitPattern count="other">Hvse {0}</unitPattern>
			</unit>
			<unit type="duration-week">
				<displayName draft="provisional">Nettv-cako</displayName>
				<unitPattern count="other">Nettv-cako {0}</unitPattern>
			</unit>
			<unit type="duration-day">
				<displayName draft="provisional">Nettv</displayName>
				<unitPattern count="other">{0} Nettv</unitPattern>
			</unit>
			<unit type="duration-hour">
				<displayName draft="provisional">Hvse-vkērkv</displayName>
				<unitPattern count="other">Hvse-vkērkv {0}</unitPattern>
			</unit>
			<unit type="duration-second">
				<displayName draft="provisional">Lvplvpkuce</displayName>
				<unitPattern count="other">Lvplvpkuce {0}</unitPattern>
			</unit>
		</unitLength>
	</units>
</ldml>
