<?xml version="1.0" encoding="UTF-8" ?>
<!DOCTYPE ldml SYSTEM "../../common/dtd/ldml.dtd">
<!-- Copyright © 1991-2019 Unicode, Inc.
For terms of use, see http://www.unicode.org/copyright.html
Unicode and the Unicode Logo are registered trademarks of Unicode, Inc. in the U.S. and other countries.
CLDR data files are interpreted according to the LDML specification (http://unicode.org/reports/tr35/)
-->
<ldml>
	<identity>
		<version number="$Revision$"/>
		<language type="nqo"/>
	</identity>
	<layout>
		<orientation>
			<characterOrder>right-to-left</characterOrder>
			<lineOrder>top-to-bottom</lineOrder>
		</orientation>
	</layout>
	<characters>
		<exemplarCharacters>[ߊ ߋ ߌ ߍ ߎ ߏ ߐ ߒ ߓ ߔ ߕ ߖ ߗ ߘ ߙ ߚ ߛ ߜ ߝ ߞ ߟ ߡ ߢ ߣ ߤ ߥ ߦ]</exemplarCharacters>
		<exemplarCharacters type="punctuation">[߸ ߹ ߷]</exemplarCharacters>
	</characters>
	<numbers>
		<defaultNumberingSystem>latn</defaultNumberingSystem>
		<otherNumberingSystems>
			<native>nkoo</native>
		</otherNumberingSystems>
	</numbers>
</ldml>
