<?xml version="1.0" encoding="UTF-8" ?>
<!DOCTYPE ldml SYSTEM "../../common/dtd/ldml.dtd">
<!-- Copyright © 1991-2019 Unicode, Inc.
For terms of use, see http://www.unicode.org/copyright.html
Unicode and the Unicode Logo are registered trademarks of Unicode, Inc. in the U.S. and other countries.
CLDR data files are interpreted according to the LDML specification (http://unicode.org/reports/tr35/)
-->
<ldml>
	<identity>
		<version number="$Revision$"/>
		<language type="sdh"/>
	</identity>
	<localeDisplayNames>
		<languages>
			<language type="eo">ئسپرانتو</language>
			<language type="sdh">کوردی خوارگ</language>
		</languages>
	</localeDisplayNames>
	<layout>
		<orientation>
			<characterOrder>right-to-left</characterOrder>
			<lineOrder>top-to-bottom</lineOrder>
		</orientation>
	</layout>
	<characters>
		<exemplarCharacters>[ئ ا ب پ ت ج چ ح خ د ر ز ڕ ژ س ش ع غ ف ڤ ق ک گ ل ڵ م ن ھ ە و ۆ ۊ ی ێ]</exemplarCharacters>
		<exemplarCharacters type="auxiliary">[\u200C\u200D\u200E\u200F \u064B \u064C \u064E \u064F \u0650 \u0651 \u0652 \u0654 \u0670 ء آ أ ؤ إ ة ث ذ ص ض ط ظ ك ه ى ي]</exemplarCharacters>
		<exemplarCharacters type="index" draft="unconfirmed">[ئ ا ب پ ت ج چ ح خ د ر ز ڕ ژ س ش ع غ ف ڤ ق ک گ ل ڵ م ن ھ ە و ۆ ۊ ی ێ]</exemplarCharacters>
		<exemplarCharacters type="punctuation">[\- ‐ ، ٫ ٬ ؛ \: ! ؟ . … ‹ › « » ( ) \[ \] * / \\]</exemplarCharacters>
		<ellipsis type="final">{0}…</ellipsis>
		<ellipsis type="initial">…{0}</ellipsis>
		<ellipsis type="medial">{0}…{1}</ellipsis>
		<ellipsis type="word-final">{0} …</ellipsis>
		<ellipsis type="word-initial">… {0}</ellipsis>
		<ellipsis type="word-medial">{0} … {1}</ellipsis>
		<moreInformation>؟</moreInformation>
	</characters>
	<delimiters>
		<quotationStart>«</quotationStart>
		<quotationEnd>»</quotationEnd>
		<alternateQuotationStart>‹</alternateQuotationStart>
		<alternateQuotationEnd>›</alternateQuotationEnd>
	</delimiters>
	<numbers>
		<defaultNumberingSystem>arab</defaultNumberingSystem>
		<otherNumberingSystems>
			<native>arab</native>
		</otherNumberingSystems>
	</numbers>
</ldml>
