<?xml version="1.0" encoding="UTF-8" ?>
<!DOCTYPE ldml SYSTEM "../../common/dtd/ldml.dtd">
<!-- Copyright © 1991-2019 Unicode, Inc.
For terms of use, see http://www.unicode.org/copyright.html
Unicode and the Unicode Logo are registered trademarks of Unicode, Inc. in the U.S. and other countries.
CLDR data files are interpreted according to the LDML specification (http://unicode.org/reports/tr35/)
-->
<ldml>
	<identity>
		<version number="$Revision$"/>
		<language type="sma"/>
		<territory type="NO"/>
	</identity>
	<characters>
		<exemplarCharacters>[a å æ b d e f g h i j k l m n o ø p r s t u v y]</exemplarCharacters>
		<exemplarCharacters type="index">[A Å Æ B D E F G H I J K L M N O Ø P R S T U V Y]</exemplarCharacters>
	</characters>
</ldml>
