<?xml version="1.0" encoding="UTF-8" ?>
<!DOCTYPE ldml SYSTEM "../../common/dtd/ldml.dtd">
<!-- Copyright © 1991-2019 Unicode, Inc.
For terms of use, see http://www.unicode.org/copyright.html
Unicode and the Unicode Logo are registered trademarks of Unicode, Inc. in the U.S. and other countries.
CLDR data files are interpreted according to the LDML specification (http://unicode.org/reports/tr35/)
-->
<ldml>
	<identity>
		<version number="$Revision$"/>
		<language type="smj"/>
	</identity>
	<localeDisplayNames>
		<languages>
			<language type="smj">julevsámegiella</language>
		</languages>
	</localeDisplayNames>
	<layout>
		<orientation>
			<characterOrder>left-to-right</characterOrder>
			<lineOrder>top-to-bottom</lineOrder>
		</orientation>
	</layout>
	<characters>
		<exemplarCharacters>[a á å ä b d e f g h i j k l m n ń o p r s t u v]</exemplarCharacters>
		<exemplarCharacters type="auxiliary">[c ñ ö q w x y z]</exemplarCharacters>
		<exemplarCharacters type="index">[A Á Å Ä B D E F G H I J K L M N Ń O P R S T U V]</exemplarCharacters>
	</characters>
</ldml>
