<?xml version="1.0" encoding="UTF-8" ?>
<!DOCTYPE ldml SYSTEM "../../common/dtd/ldml.dtd">
<!-- Copyright © 1991-2019 Unicode, Inc.
For terms of use, see http://www.unicode.org/copyright.html
Unicode and the Unicode Logo are registered trademarks of Unicode, Inc. in the U.S. and other countries.
CLDR data files are interpreted according to the LDML specification (http://unicode.org/reports/tr35/)
-->
<ldml>
	<identity>
		<version number="$Revision$"/>
		<language type="st"/>
	</identity>
	<localeDisplayNames>
		<languages>
			<language type="af" draft="unconfirmed">Seburu</language>
			<language type="am" draft="unconfirmed">Se-amhari</language>
			<language type="ar" draft="unconfirmed">Se-arab</language>
			<language type="az" draft="unconfirmed">Se-azerbaijani</language>
			<language type="be" draft="unconfirmed">Se-belarusia</language>
			<language type="bg" draft="unconfirmed">Se-bulgaria</language>
			<language type="bn" draft="unconfirmed">Se-bengali</language>
			<language type="br" draft="unconfirmed">Breton</language>
			<language type="bs" draft="unconfirmed">Se-bosnia</language>
			<language type="ca" draft="unconfirmed">Se-catalia</language>
			<language type="cs" draft="unconfirmed">Se-czech</language>
			<language type="cy" draft="unconfirmed">Se-welsh</language>
			<language type="da" draft="unconfirmed">Se-dutch</language>
			<language type="de" draft="unconfirmed">Se-jeremane</language>
			<language type="el" draft="unconfirmed">Se-greek</language>
			<language type="en" draft="unconfirmed">Senyesemane</language>
			<language type="eo" draft="unconfirmed">Se-esperanto</language>
			<language type="es" draft="unconfirmed">Sespain</language>
			<language type="et" draft="unconfirmed">Se-estonia</language>
			<language type="eu" draft="unconfirmed">Se-basque</language>
			<language type="fa" draft="unconfirmed">Se-persia</language>
			<language type="fi" draft="unconfirmed">Se-finnish</language>
			<language type="fil" draft="unconfirmed">Se-tagalog</language>
			<language type="fo" draft="unconfirmed">Se-foroese</language>
			<language type="fr" draft="unconfirmed">Se-french</language>
			<language type="fy" draft="unconfirmed">Se-frisia</language>
			<language type="ga" draft="unconfirmed">Se-irish</language>
			<language type="gd" draft="unconfirmed">Se-scots gaelic</language>
			<language type="gl" draft="unconfirmed">Se-galicia</language>
			<language type="gn" draft="unconfirmed">Guarani</language>
			<language type="gu" draft="unconfirmed">Se-gujarati</language>
			<language type="he" draft="unconfirmed">Se-hebrew</language>
			<language type="hi" draft="unconfirmed">Se-hindi</language>
			<language type="hr" draft="unconfirmed">Se-croatia</language>
			<language type="hu" draft="unconfirmed">Se-hungaria</language>
			<language type="ia" draft="unconfirmed">Se-interlingua</language>
			<language type="id" draft="unconfirmed">Se-indonesia</language>
			<language type="is" draft="unconfirmed">Se-iceland</language>
			<language type="it" draft="unconfirmed">Se-tariana</language>
			<language type="ja" draft="unconfirmed">Se-japane</language>
			<language type="jv" draft="unconfirmed">Se-javane</language>
			<language type="ka" draft="unconfirmed">Se-geogia</language>
			<language type="kn" draft="unconfirmed">Se-kannada</language>
			<language type="ko" draft="unconfirmed">Se-korea</language>
			<language type="ku" draft="unconfirmed">Kurdish</language>
			<language type="ky" draft="unconfirmed">Kyrgyz</language>
			<language type="la" draft="unconfirmed">Se-latino</language>
			<language type="lt" draft="unconfirmed">Se-Lithuano</language>
			<language type="mk" draft="unconfirmed">Se-masedonia</language>
			<language type="ml" draft="unconfirmed">Se-malayalam</language>
			<language type="mr" draft="unconfirmed">Se-marathi</language>
			<language type="ms" draft="unconfirmed">Se-malay</language>
			<language type="mt" draft="unconfirmed">Se-maltese</language>
			<language type="ne" draft="unconfirmed">Se-nepali</language>
			<language type="nl" draft="unconfirmed">Dutch</language>
			<language type="nn" draft="unconfirmed">Se-norway (Nynorsk)</language>
			<language type="no" draft="unconfirmed">Se-norway</language>
			<language type="oc" draft="unconfirmed">Se-occitan</language>
			<language type="or" draft="unconfirmed">Oriya</language>
			<language type="pa" draft="unconfirmed">Se-punjabi</language>
			<language type="pl" draft="unconfirmed">Se-polish</language>
			<language type="ps" draft="unconfirmed">Pashto</language>
			<language type="pt" draft="unconfirmed">Se-portugal</language>
			<language type="pt_BR" draft="unconfirmed">Seputukesi (sa Brazil)</language>
			<language type="pt_PT" draft="unconfirmed">Se-portugal (Portugal)</language>
			<language type="ro" draft="unconfirmed">Se-romania</language>
			<language type="ru" draft="unconfirmed">Se-rushia</language>
			<language type="sh" draft="unconfirmed">Serbo-Croatian</language>
			<language type="si" draft="unconfirmed">Se-sinhali</language>
			<language type="sk" draft="unconfirmed">Se-slovak</language>
			<language type="sl" draft="unconfirmed">Se-slovania</language>
			<language type="sq" draft="unconfirmed">Se-albanian</language>
			<language type="sr" draft="unconfirmed">Se-serbian</language>
			<language type="st" draft="contributed">Sesotho</language>
			<language type="su" draft="unconfirmed">Se-sundanese</language>
			<language type="sv" draft="unconfirmed">Se-sweden</language>
			<language type="sw" draft="unconfirmed">Se-swahili</language>
			<language type="ta" draft="unconfirmed">Se-tamil</language>
			<language type="te" draft="unconfirmed">Se-telegu</language>
			<language type="th" draft="unconfirmed">Se-thai</language>
			<language type="ti" draft="unconfirmed">Se-tigrinya</language>
			<language type="tk" draft="unconfirmed">Turkmen</language>
			<language type="tlh" draft="unconfirmed">Se-klingon</language>
			<language type="tr" draft="unconfirmed">Se-theki</language>
			<language type="tw" draft="unconfirmed">Twi</language>
			<language type="uk" draft="unconfirmed">Se-ukrania</language>
			<language type="ur" draft="unconfirmed">Se-urdu</language>
			<language type="uz" draft="unconfirmed">Se-uzbek</language>
			<language type="vi" draft="unconfirmed">Se-vietnam</language>
			<language type="xh" draft="unconfirmed">se Xhosa</language>
			<language type="yi" draft="unconfirmed">Yiddish</language>
			<language type="zu" draft="unconfirmed">se Zulu</language>
		</languages>
	</localeDisplayNames>
	<characters>
		<exemplarCharacters>[a b d e f g h i j k l m n o p q r s t u w y]</exemplarCharacters>
		<exemplarCharacters type="auxiliary">[c v x z]</exemplarCharacters>
		<exemplarCharacters type="index" draft="unconfirmed">[A B C D E F G H I J K L M N O P Q R S T U V W X Y Z]</exemplarCharacters>
	</characters>
	<delimiters>
		<quotationStart draft="unconfirmed">‘</quotationStart>
		<quotationEnd draft="unconfirmed">’</quotationEnd>
		<alternateQuotationStart draft="unconfirmed">“</alternateQuotationStart>
		<alternateQuotationEnd draft="unconfirmed">”</alternateQuotationEnd>
	</delimiters>
	<dates>
		<calendars>
			<calendar type="gregorian">
				<months>
					<monthContext type="format">
						<monthWidth type="abbreviated">
							<month type="1">Phe</month>
							<month type="2">Kol</month>
							<month type="3">Ube</month>
							<month type="4">Mme</month>
							<month type="5">Mot</month>
							<month type="6">Jan</month>
							<month type="7">Upu</month>
							<month type="8">Pha</month>
							<month type="9">Leo</month>
							<month type="10">Mph</month>
							<month type="11">Pun</month>
							<month type="12">Tsh</month>
						</monthWidth>
						<monthWidth type="narrow">
							<month type="1">1</month>
							<month type="2">2</month>
							<month type="3">3</month>
							<month type="4">4</month>
							<month type="5">5</month>
							<month type="6">6</month>
							<month type="7">7</month>
							<month type="8">8</month>
							<month type="9">9</month>
							<month type="10">10</month>
							<month type="11">11</month>
							<month type="12">12</month>
						</monthWidth>
						<monthWidth type="wide">
							<month type="1">Phesekgong</month>
							<month type="2">Hlakola</month>
							<month type="3">Hlakubele</month>
							<month type="4">Mmese</month>
							<month type="5">Motsheanong</month>
							<month type="6">Phupjane</month>
							<month type="7">Phupu</month>
							<month type="8">Phata</month>
							<month type="9">Leotshe</month>
							<month type="10">Mphalane</month>
							<month type="11">Pundungwane</month>
							<month type="12">Tshitwe</month>
						</monthWidth>
					</monthContext>
					<monthContext type="stand-alone">
						<monthWidth type="abbreviated">
							<month type="1">Phe</month>
							<month type="2">Kol</month>
							<month type="3">Ube</month>
							<month type="4">Mme</month>
							<month type="5">Mot</month>
							<month type="6">Jan</month>
							<month type="7">Upu</month>
							<month type="8">Pha</month>
							<month type="9">Leo</month>
							<month type="10">Mph</month>
							<month type="11">Pun</month>
							<month type="12">Tsh</month>
						</monthWidth>
						<monthWidth type="narrow">
							<month type="1">1</month>
							<month type="2">2</month>
							<month type="3">3</month>
							<month type="4">4</month>
							<month type="5">5</month>
							<month type="6">6</month>
							<month type="7">7</month>
							<month type="8">8</month>
							<month type="9">9</month>
							<month type="10">10</month>
							<month type="11">11</month>
							<month type="12">12</month>
						</monthWidth>
						<monthWidth type="wide">
							<month type="1">Phesekgong</month>
							<month type="2">Hlakola</month>
							<month type="3">Hlakubele</month>
							<month type="4">Mmese</month>
							<month type="5">Motsheanong</month>
							<month type="6">Phupjane</month>
							<month type="7">Phupu</month>
							<month type="8">Phata</month>
							<month type="9">Leotshe</month>
							<month type="10">Mphalane</month>
							<month type="11">Pundungwane</month>
							<month type="12">Tshitwe</month>
						</monthWidth>
					</monthContext>
				</months>
				<days>
					<dayContext type="format">
						<dayWidth type="abbreviated">
							<day type="sun">Son</day>
							<day type="mon">Mma</day>
							<day type="tue">Bed</day>
							<day type="wed">Rar</day>
							<day type="thu">Ne</day>
							<day type="fri">Hla</day>
							<day type="sat">Moq</day>
						</dayWidth>
						<dayWidth type="narrow">
							<day type="sun">S</day>
							<day type="mon">M</day>
							<day type="tue">T</day>
							<day type="wed">W</day>
							<day type="thu">T</day>
							<day type="fri">F</day>
							<day type="sat">S</day>
						</dayWidth>
						<dayWidth type="short">
							<day type="sun">Son</day>
							<day type="mon">Mma</day>
							<day type="tue">Bed</day>
							<day type="wed">Rar</day>
							<day type="thu">Ne</day>
							<day type="fri">Hla</day>
							<day type="sat">Moq</day>
						</dayWidth>
						<dayWidth type="wide">
							<day type="sun">Sontaha</day>
							<day type="mon">Mmantaha</day>
							<day type="tue">Labobedi</day>
							<day type="wed">Laboraru</day>
							<day type="thu">Labone</day>
							<day type="fri">Labohlane</day>
							<day type="sat">Moqebelo</day>
						</dayWidth>
					</dayContext>
					<dayContext type="stand-alone">
						<dayWidth type="abbreviated">
							<day type="sun">Son</day>
							<day type="mon">Mma</day>
							<day type="tue">Bed</day>
							<day type="wed">Rar</day>
							<day type="thu">Ne</day>
							<day type="fri">Hla</day>
							<day type="sat">Moq</day>
						</dayWidth>
						<dayWidth type="narrow">
							<day type="sun">S</day>
							<day type="mon">M</day>
							<day type="tue">T</day>
							<day type="wed">W</day>
							<day type="thu">T</day>
							<day type="fri">F</day>
							<day type="sat">S</day>
						</dayWidth>
						<dayWidth type="short">
							<day type="sun">Son</day>
							<day type="mon">Mma</day>
							<day type="tue">Bed</day>
							<day type="wed">Rar</day>
							<day type="thu">Ne</day>
							<day type="fri">Hla</day>
							<day type="sat">Moq</day>
						</dayWidth>
						<dayWidth type="wide">
							<day type="sun">Sontaha</day>
							<day type="mon">Mmantaha</day>
							<day type="tue">Labobedi</day>
							<day type="wed">Laboraru</day>
							<day type="thu">Labone</day>
							<day type="fri">Labohlane</day>
							<day type="sat">Moqebelo</day>
						</dayWidth>
					</dayContext>
				</days>
				<quarters>
					<quarterContext type="format">
						<quarterWidth type="abbreviated">
							<quarter type="1">Q1</quarter>
							<quarter type="2">Q2</quarter>
							<quarter type="3">Q3</quarter>
							<quarter type="4">Q4</quarter>
						</quarterWidth>
						<quarterWidth type="narrow">
							<quarter type="1">1</quarter>
							<quarter type="2">2</quarter>
							<quarter type="3">3</quarter>
							<quarter type="4">4</quarter>
						</quarterWidth>
						<quarterWidth type="wide">
							<quarter type="1">Q1</quarter>
							<quarter type="2">Q2</quarter>
							<quarter type="3">Q3</quarter>
							<quarter type="4">Q4</quarter>
						</quarterWidth>
					</quarterContext>
					<quarterContext type="stand-alone">
						<quarterWidth type="abbreviated">
							<quarter type="1">Q1</quarter>
							<quarter type="2">Q2</quarter>
							<quarter type="3">Q3</quarter>
							<quarter type="4">Q4</quarter>
						</quarterWidth>
						<quarterWidth type="narrow">
							<quarter type="1">1</quarter>
							<quarter type="2">2</quarter>
							<quarter type="3">3</quarter>
							<quarter type="4">4</quarter>
						</quarterWidth>
						<quarterWidth type="wide">
							<quarter type="1">Q1</quarter>
							<quarter type="2">Q2</quarter>
							<quarter type="3">Q3</quarter>
							<quarter type="4">Q4</quarter>
						</quarterWidth>
					</quarterContext>
				</quarters>
				<dayPeriods>
					<dayPeriodContext type="format">
						<dayPeriodWidth type="abbreviated">
							<dayPeriod type="am">AM</dayPeriod>
							<dayPeriod type="pm">PM</dayPeriod>
						</dayPeriodWidth>
						<dayPeriodWidth type="narrow">
							<dayPeriod type="am">AM</dayPeriod>
							<dayPeriod type="pm">PM</dayPeriod>
						</dayPeriodWidth>
						<dayPeriodWidth type="wide">
							<dayPeriod type="am">AM</dayPeriod>
							<dayPeriod type="pm">PM</dayPeriod>
						</dayPeriodWidth>
					</dayPeriodContext>
					<dayPeriodContext type="stand-alone">
						<dayPeriodWidth type="abbreviated">
							<dayPeriod type="am">AM</dayPeriod>
							<dayPeriod type="pm">PM</dayPeriod>
						</dayPeriodWidth>
						<dayPeriodWidth type="narrow">
							<dayPeriod type="am">AM</dayPeriod>
							<dayPeriod type="pm">PM</dayPeriod>
						</dayPeriodWidth>
						<dayPeriodWidth type="wide">
							<dayPeriod type="am">AM</dayPeriod>
							<dayPeriod type="pm">PM</dayPeriod>
						</dayPeriodWidth>
					</dayPeriodContext>
				</dayPeriods>
				<eras>
					<eraNames>
						<era type="0">BCE</era>
						<era type="1">CE</era>
					</eraNames>
					<eraAbbr>
						<era type="0">BCE</era>
						<era type="1">CE</era>
					</eraAbbr>
				</eras>
				<dateFormats>
					<dateFormatLength type="full">
						<dateFormat>
							<pattern>y MMMM d, EEEE</pattern>
						</dateFormat>
					</dateFormatLength>
					<dateFormatLength type="long">
						<dateFormat>
							<pattern>y MMMM d</pattern>
						</dateFormat>
					</dateFormatLength>
					<dateFormatLength type="medium">
						<dateFormat>
							<pattern>y MMM d</pattern>
						</dateFormat>
					</dateFormatLength>
					<dateFormatLength type="short">
						<dateFormat>
							<pattern>y-MM-dd</pattern>
						</dateFormat>
					</dateFormatLength>
				</dateFormats>
				<timeFormats>
					<timeFormatLength type="full">
						<timeFormat>
							<pattern>HH:mm:ss zzzz</pattern>
						</timeFormat>
					</timeFormatLength>
					<timeFormatLength type="long">
						<timeFormat>
							<pattern>HH:mm:ss z</pattern>
						</timeFormat>
					</timeFormatLength>
					<timeFormatLength type="medium">
						<timeFormat>
							<pattern>HH:mm:ss</pattern>
						</timeFormat>
					</timeFormatLength>
					<timeFormatLength type="short">
						<timeFormat>
							<pattern>HH:mm</pattern>
						</timeFormat>
					</timeFormatLength>
				</timeFormats>
				<dateTimeFormats>
					<dateTimeFormatLength type="full">
						<dateTimeFormat>
							<pattern>{1} {0}</pattern>
						</dateTimeFormat>
					</dateTimeFormatLength>
					<dateTimeFormatLength type="long">
						<dateTimeFormat>
							<pattern>{1} {0}</pattern>
						</dateTimeFormat>
					</dateTimeFormatLength>
					<dateTimeFormatLength type="medium">
						<dateTimeFormat>
							<pattern>{1} {0}</pattern>
						</dateTimeFormat>
					</dateTimeFormatLength>
					<dateTimeFormatLength type="short">
						<dateTimeFormat>
							<pattern>{1} {0}</pattern>
						</dateTimeFormat>
					</dateTimeFormatLength>
					<availableFormats>
						<dateFormatItem id="d">d</dateFormatItem>
						<dateFormatItem id="E">ccc</dateFormatItem>
						<dateFormatItem id="Ed">d, E</dateFormatItem>
						<dateFormatItem id="Ehm">E h:mm a</dateFormatItem>
						<dateFormatItem id="EHm">E HH:mm</dateFormatItem>
						<dateFormatItem id="Ehms">E h:mm:ss a</dateFormatItem>
						<dateFormatItem id="EHms">E HH:mm:ss</dateFormatItem>
						<dateFormatItem id="Gy">G y</dateFormatItem>
						<dateFormatItem id="GyMMM">G y MMM</dateFormatItem>
						<dateFormatItem id="GyMMMd">G y MMM d</dateFormatItem>
						<dateFormatItem id="GyMMMEd">G y MMM d, E</dateFormatItem>
						<dateFormatItem id="h">h a</dateFormatItem>
						<dateFormatItem id="H">HH</dateFormatItem>
						<dateFormatItem id="hm">h:mm a</dateFormatItem>
						<dateFormatItem id="Hm">HH:mm</dateFormatItem>
						<dateFormatItem id="hms">h:mm:ss a</dateFormatItem>
						<dateFormatItem id="Hms">HH:mm:ss</dateFormatItem>
						<dateFormatItem id="hmsv">h:mm:ss a v</dateFormatItem>
						<dateFormatItem id="Hmsv">HH:mm:ss v</dateFormatItem>
						<dateFormatItem id="hmv">h:mm a v</dateFormatItem>
						<dateFormatItem id="Hmv">HH:mm v</dateFormatItem>
						<dateFormatItem id="M">L</dateFormatItem>
						<dateFormatItem id="Md">MM-dd</dateFormatItem>
						<dateFormatItem id="MEd">MM-dd, E</dateFormatItem>
						<dateFormatItem id="MMM">LLL</dateFormatItem>
						<dateFormatItem id="MMMd">MMM d</dateFormatItem>
						<dateFormatItem id="MMMEd">MMM d, E</dateFormatItem>
						<dateFormatItem id="MMMMd">MMMM d</dateFormatItem>
						<dateFormatItem id="MMMMW" count="one">'week' W 'of' MMM</dateFormatItem>
						<dateFormatItem id="MMMMW" count="other">'week' W 'of' MMM</dateFormatItem>
						<dateFormatItem id="ms">mm:ss</dateFormatItem>
						<dateFormatItem id="y">y</dateFormatItem>
						<dateFormatItem id="yM">y-MM</dateFormatItem>
						<dateFormatItem id="yMd">y-MM-dd</dateFormatItem>
						<dateFormatItem id="yMEd">y-MM-dd, E</dateFormatItem>
						<dateFormatItem id="yMMM">y MMM</dateFormatItem>
						<dateFormatItem id="yMMMd">y MMM d</dateFormatItem>
						<dateFormatItem id="yMMMEd">y MMM d, E</dateFormatItem>
						<dateFormatItem id="yMMMM">y MMMM</dateFormatItem>
						<dateFormatItem id="yQQQ">y QQQ</dateFormatItem>
						<dateFormatItem id="yQQQQ">y QQQQ</dateFormatItem>
						<dateFormatItem id="yw" count="one">'week' w 'of' Y</dateFormatItem>
						<dateFormatItem id="yw" count="other">'week' w 'of' Y</dateFormatItem>
					</availableFormats>
					<appendItems>
						<appendItem request="Timezone">{0} {1}</appendItem>
					</appendItems>
					<intervalFormats>
						<intervalFormatFallback>{0} – {1}</intervalFormatFallback>
						<intervalFormatItem id="d">
							<greatestDifference id="d">d–d</greatestDifference>
						</intervalFormatItem>
						<intervalFormatItem id="h">
							<greatestDifference id="a">h a – h a</greatestDifference>
							<greatestDifference id="h">h–h a</greatestDifference>
						</intervalFormatItem>
						<intervalFormatItem id="H">
							<greatestDifference id="H">HH–HH</greatestDifference>
						</intervalFormatItem>
						<intervalFormatItem id="hm">
							<greatestDifference id="a">h:mm a – h:mm a</greatestDifference>
							<greatestDifference id="h">h:mm–h:mm a</greatestDifference>
							<greatestDifference id="m">h:mm–h:mm a</greatestDifference>
						</intervalFormatItem>
						<intervalFormatItem id="Hm">
							<greatestDifference id="H">HH:mm–HH:mm</greatestDifference>
							<greatestDifference id="m">HH:mm–HH:mm</greatestDifference>
						</intervalFormatItem>
						<intervalFormatItem id="hmv">
							<greatestDifference id="a">h:mm a – h:mm a v</greatestDifference>
							<greatestDifference id="h">h:mm–h:mm a v</greatestDifference>
							<greatestDifference id="m">h:mm–h:mm a v</greatestDifference>
						</intervalFormatItem>
						<intervalFormatItem id="Hmv">
							<greatestDifference id="H">HH:mm–HH:mm v</greatestDifference>
							<greatestDifference id="m">HH:mm–HH:mm v</greatestDifference>
						</intervalFormatItem>
						<intervalFormatItem id="hv">
							<greatestDifference id="a">h a – h a v</greatestDifference>
							<greatestDifference id="h">h–h a v</greatestDifference>
						</intervalFormatItem>
						<intervalFormatItem id="Hv">
							<greatestDifference id="H">HH–HH v</greatestDifference>
						</intervalFormatItem>
						<intervalFormatItem id="M">
							<greatestDifference id="M">MM–MM</greatestDifference>
						</intervalFormatItem>
						<intervalFormatItem id="Md">
							<greatestDifference id="d">MM-dd – MM-dd</greatestDifference>
							<greatestDifference id="M">MM-dd – MM-dd</greatestDifference>
						</intervalFormatItem>
						<intervalFormatItem id="MEd">
							<greatestDifference id="d">MM-dd, E – MM-dd, E</greatestDifference>
							<greatestDifference id="M">MM-dd, E – MM-dd, E</greatestDifference>
						</intervalFormatItem>
						<intervalFormatItem id="MMM">
							<greatestDifference id="M">LLL–LLL</greatestDifference>
						</intervalFormatItem>
						<intervalFormatItem id="MMMd">
							<greatestDifference id="d">MMM d–d</greatestDifference>
							<greatestDifference id="M">MMM d – MMM d</greatestDifference>
						</intervalFormatItem>
						<intervalFormatItem id="MMMEd">
							<greatestDifference id="d">MMM d, E – MMM d, E</greatestDifference>
							<greatestDifference id="M">MMM d, E – MMM d, E</greatestDifference>
						</intervalFormatItem>
						<intervalFormatItem id="y">
							<greatestDifference id="y">y–y</greatestDifference>
						</intervalFormatItem>
						<intervalFormatItem id="yM">
							<greatestDifference id="M">y-MM – y-MM</greatestDifference>
							<greatestDifference id="y">y-MM – y-MM</greatestDifference>
						</intervalFormatItem>
						<intervalFormatItem id="yMd">
							<greatestDifference id="d">y-MM-dd – y-MM-dd</greatestDifference>
							<greatestDifference id="M">y-MM-dd – y-MM-dd</greatestDifference>
							<greatestDifference id="y">y-MM-dd – y-MM-dd</greatestDifference>
						</intervalFormatItem>
						<intervalFormatItem id="yMEd">
							<greatestDifference id="d">y-MM-dd, E – y-MM-dd, E</greatestDifference>
							<greatestDifference id="M">y-MM-dd, E – y-MM-dd, E</greatestDifference>
							<greatestDifference id="y">y-MM-dd, E – y-MM-dd, E</greatestDifference>
						</intervalFormatItem>
						<intervalFormatItem id="yMMM">
							<greatestDifference id="M">y MMM–MMM</greatestDifference>
							<greatestDifference id="y">y MMM – y MMM</greatestDifference>
						</intervalFormatItem>
						<intervalFormatItem id="yMMMd">
							<greatestDifference id="d">y MMM d–d</greatestDifference>
							<greatestDifference id="M">y MMM d – MMM d</greatestDifference>
							<greatestDifference id="y">y MMM d – y MMM d</greatestDifference>
						</intervalFormatItem>
						<intervalFormatItem id="yMMMEd">
							<greatestDifference id="d">y MMM d, E – MMM d, E</greatestDifference>
							<greatestDifference id="M">y MMM d, E – MMM d, E</greatestDifference>
							<greatestDifference id="y">y MMM d, E – y MMM d, E</greatestDifference>
						</intervalFormatItem>
						<intervalFormatItem id="yMMMM">
							<greatestDifference id="M">y MMMM–MMMM</greatestDifference>
							<greatestDifference id="y">y MMMM – y MMMM</greatestDifference>
						</intervalFormatItem>
					</intervalFormats>
				</dateTimeFormats>
			</calendar>
		</calendars>
	</dates>
	<numbers>
		<minimumGroupingDigits draft="contributed">1</minimumGroupingDigits>
		<symbols numberSystem="latn">
			<decimal>,</decimal>
			<group> </group>
			<percentSign>%</percentSign>
			<plusSign>+</plusSign>
			<minusSign>-</minusSign>
			<exponential>E</exponential>
			<superscriptingExponent>×</superscriptingExponent>
			<perMille>‰</perMille>
			<infinity>∞</infinity>
			<nan>NaN</nan>
		</symbols>
		<decimalFormats numberSystem="latn">
			<decimalFormatLength>
				<decimalFormat>
					<pattern>#,##0.###</pattern>
				</decimalFormat>
			</decimalFormatLength>
		</decimalFormats>
		<scientificFormats numberSystem="latn">
			<scientificFormatLength>
				<scientificFormat>
					<pattern>#E0</pattern>
				</scientificFormat>
			</scientificFormatLength>
		</scientificFormats>
		<percentFormats numberSystem="latn">
			<percentFormatLength>
				<percentFormat>
					<pattern>#,##0%</pattern>
				</percentFormat>
			</percentFormatLength>
		</percentFormats>
		<currencyFormats numberSystem="latn">
			<currencyFormatLength>
				<currencyFormat type="standard">
					<pattern>¤#,##0.00</pattern>
				</currencyFormat>
				<currencyFormat type="accounting">
					<pattern>¤#,##0.00</pattern>
				</currencyFormat>
			</currencyFormatLength>
			<unitPattern count="one">{0} {1}</unitPattern>
			<unitPattern count="other">{0} {1}</unitPattern>
		</currencyFormats>
		<currencies>
			<currency type="ZAR">
				<symbol>R</symbol>
			</currency>
		</currencies>
		<miscPatterns numberSystem="latn">
			<pattern type="atLeast">≥{0}</pattern>
			<pattern type="range">{0}–{1}</pattern>
		</miscPatterns>
	</numbers>
</ldml>
