<?xml version="1.0" encoding="UTF-8" ?>
<!DOCTYPE ldml SYSTEM "../../common/dtd/ldml.dtd">
<!-- Copyright © 1991-2019 Unicode, Inc.
For terms of use, see http://www.unicode.org/copyright.html
Unicode and the Unicode Logo are registered trademarks of Unicode, Inc. in the U.S. and other countries.
CLDR data files are interpreted according to the LDML specification (http://unicode.org/reports/tr35/)
-->
<ldml>
	<identity>
		<version number="$Revision$"/>
		<language type="su"/>
	</identity>
	<localeDisplayNames>
		<languages>
			<language type="su" draft="unconfirmed">Basa Sunda</language>
		</languages>
	</localeDisplayNames>
	<characters>
		<exemplarCharacters draft="unconfirmed">[a b c d e é f g h i j k l m n o p q r s t u v w x y z]</exemplarCharacters>
		<exemplarCharacters type="auxiliary" draft="unconfirmed">[á à ă â å ä ã ā æ ç è ĕ ê ë ē í ì ĭ î ï ī ñ ó ò ŏ ô ö ø ō œ ú ù ŭ û ü ū ÿ]</exemplarCharacters>
		<exemplarCharacters type="index" draft="unconfirmed">[A B C D E É F G H I J K L M N O P Q R S T U V W X Y Z]</exemplarCharacters>
		<exemplarCharacters type="punctuation" draft="unconfirmed">[\- ‐ – — , ; \: ! ? . … ' ‘ ’ “ ” ( ) \[ \] /]</exemplarCharacters>
	</characters>
</ldml>
