<?xml version="1.0" encoding="UTF-8" ?>
<!DOCTYPE ldml SYSTEM "../../common/dtd/ldml.dtd">
<!-- Copyright © 1991-2019 Unicode, Inc.
For terms of use, see http://www.unicode.org/copyright.html
Unicode and the Unicode Logo are registered trademarks of Unicode, Inc. in the U.S. and other countries.
CLDR data files are interpreted according to the LDML specification (http://unicode.org/reports/tr35/)
-->
<ldml>
	<identity>
		<version number="$Revision$"/>
		<language type="wa"/>
	</identity>
	<characters>
		<exemplarCharacters>[a à â å æ b c ç d e é è ê ë f g h i î ï j k l m n o ô œ p q r s t u ù û ü v w x y ÿ z]</exemplarCharacters>
		<exemplarCharacters type="auxiliary">[á ä ã ā ē í ì ī ñ ó ò ö ø ú ǔ]</exemplarCharacters>
		<exemplarCharacters type="index">[A B C D E F G H I J K L M N O P Q R S T U V W X Y Z]</exemplarCharacters>
		<exemplarCharacters type="punctuation">[\- ‐ – — , ; \: ! ? . … ’ &quot; “ ” « » ( ) \[ \] § @ * / \&amp; # † ‡]</exemplarCharacters>
	</characters>
</ldml>
