<?xml version="1.0" encoding="UTF-8" ?>
<!DOCTYPE keyboard SYSTEM "../dtd/ldmlKeyboard.dtd">
<keyboard locale="ar-t-k0-osx-qwerty">
	<version platform="10.9" number="$Revision$"/>
	<names>
		<name value="Arabic-QWERTY"/>
	</names>
	<keyMap>
		<map iso="E00" to="ـ"/> <!-- ` -->
		<map iso="E01" to="١"/> <!-- 1 -->
		<map iso="E02" to="٢"/> <!-- 2 -->
		<map iso="E03" to="٣"/> <!-- 3 -->
		<map iso="E04" to="٤"/> <!-- 4 -->
		<map iso="E05" to="٥"/> <!-- 5 -->
		<map iso="E06" to="٦"/> <!-- 6 -->
		<map iso="E07" to="٧"/> <!-- 7 -->
		<map iso="E08" to="٨"/> <!-- 8 -->
		<map iso="E09" to="٩"/> <!-- 9 -->
		<map iso="E10" to="٠"/> <!-- 0 -->
		<map iso="E11" to="-"/>
		<map iso="E12" to="="/>
		<map iso="D01" to="ق"/> <!-- Q -->
		<map iso="D02" to="ش"/> <!-- W -->
		<map iso="D03" to="ع"/> <!-- E -->
		<map iso="D04" to="ر"/> <!-- R -->
		<map iso="D05" to="ت"/> <!-- T -->
		<map iso="D06" to="ط"/> <!-- Y -->
		<map iso="D07" to="و"/> <!-- U -->
		<map iso="D08" to="ي"/> <!-- I -->
		<map iso="D09" to="ه"/> <!-- O -->
		<map iso="D10" to="ة"/> <!-- P -->
		<map iso="D11" to="ث"/> <!-- [ -->
		<map iso="D12" to="ظ"/> <!-- ] -->
		<map iso="D13" to="ء"/> <!-- \ -->
		<map iso="C01" to="ا"/> <!-- A -->
		<map iso="C02" to="س"/> <!-- S -->
		<map iso="C03" to="د"/> <!-- D -->
		<map iso="C04" to="ف"/> <!-- F -->
		<map iso="C05" to="غ"/> <!-- G -->
		<map iso="C06" to="ح"/> <!-- H -->
		<map iso="C07" to="ج"/> <!-- J -->
		<map iso="C08" to="ك"/> <!-- K -->
		<map iso="C09" to="ل"/> <!-- L -->
		<map iso="C10" to="؛"/> <!-- ; -->
		<map iso="C11" to="&apos;"/>
		<map iso="B00" to="\u{3}"/> <!-- (key to left of Z) -->
		<map iso="B01" to="ز"/> <!-- Z -->
		<map iso="B02" to="خ"/> <!-- X -->
		<map iso="B03" to="ص"/> <!-- C -->
		<map iso="B04" to="ذ"/> <!-- V -->
		<map iso="B05" to="ب"/> <!-- B -->
		<map iso="B06" to="ن"/> <!-- N -->
		<map iso="B07" to="م"/> <!-- M -->
		<map iso="B08" to="،"/> <!-- , -->
		<map iso="B09" to="."/>
		<map iso="B10" to="\"/> <!-- / -->
		<map iso="A03" to=" "/> <!-- space -->
	</keyMap>
	<keyMap modifiers="shift+caps?">
		<map iso="E00" to="ـ"/> <!-- ` -->
		<map iso="E01" to="!"/> <!-- 1  base=١ -->
		<map iso="E02" to="ء" transform="no"/> <!-- 2  base=٢ -->
		<map iso="E03" to="أ"/> <!-- 3  base=٣ -->
		<map iso="E04" to="آ"/> <!-- 4  base=٤ -->
		<map iso="E05" to="إ"/> <!-- 5  base=٥ -->
		<map iso="E06" to="ئ"/> <!-- 6  base=٦ -->
		<map iso="E07" to="ؤ"/> <!-- 7  base=٧ -->
		<map iso="E08" to="ى"/> <!-- 8  base=٨ -->
		<map iso="E09" to=")"/> <!-- 9  base=٩ -->
		<map iso="E10" to="("/> <!-- 0  base=٠ -->
		<map iso="E11" to="_"/> <!-- - -->
		<map iso="E12" to="+"/> <!-- = -->
		<map iso="D01" to="ڤ"/> <!-- Q  base=ق -->
		<map iso="D02" to="\u{651}"/> <!-- W  base=ش  to= ّ  -->
		<map iso="D03" to="غ"/> <!-- E  base=ع -->
		<map iso="D04" to="ز"/> <!-- R  base=ر -->
		<map iso="D05" to="ث"/> <!-- T  base=ت -->
		<map iso="D06" to="ظ"/> <!-- Y  base=ط -->
		<map iso="D07" to="ے"/> <!-- U  base=و -->
		<map iso="D08" to="ى"/> <!-- I  base=ي -->
		<map iso="D09" to="ة"/> <!-- O  base=ه -->
		<map iso="D10" to="ت"/> <!-- P  base=ة -->
		<map iso="D11" to="}"/> <!-- [  base=ث -->
		<map iso="D12" to="{"/> <!-- ]  base=ظ -->
		<map iso="D13" to="إ"/> <!-- \  base=ء -->
		<map iso="C01" to="آ"/> <!-- A  base=ا -->
		<map iso="C02" to="ش"/> <!-- S  base=س -->
		<map iso="C03" to="ذ"/> <!-- D  base=د -->
		<map iso="C04" to="ق"/> <!-- F  base=ف -->
		<map iso="C05" to="ع"/> <!-- G  base=غ -->
		<map iso="C06" to="خ"/> <!-- H  base=ح -->
		<map iso="C07" to="چ"/> <!-- J  base=ج -->
		<map iso="C08" to="گ"/> <!-- K  base=ك -->
		<map iso="C09" to="❊"/> <!-- L  base=ل -->
		<map iso="C10" to=":"/> <!-- ;  base=؛ -->
		<map iso="C11" to="\u{22}"/> <!-- '  to= "  -->
		<map iso="B00" to="\u{3}"/> <!-- (key to left of Z) -->
		<map iso="B01" to="ژ"/> <!-- Z  base=ز -->
		<map iso="B02" to="ح"/> <!-- X  base=خ -->
		<map iso="B03" to="ض"/> <!-- C  base=ص -->
		<map iso="B04" to="د"/> <!-- V  base=ذ -->
		<map iso="B05" to="پ"/> <!-- B  base=ب -->
		<map iso="B06" to="ث"/> <!-- N  base=ن -->
		<map iso="B07" to="آ"/> <!-- M  base=م -->
		<map iso="B08" to="&gt;"/> <!-- ,  base=، -->
		<map iso="B09" to="&lt;"/> <!-- . -->
		<map iso="B10" to="؟"/> <!-- /  base=\ -->
		<map iso="A03" to=" "/> <!-- space -->
	</keyMap>
	<keyMap modifiers="caps">
		<map iso="E00" to="ـ"/> <!-- ` -->
		<map iso="E01" to="1"/> <!--   base=١ -->
		<map iso="E02" to="2"/> <!--   base=٢ -->
		<map iso="E03" to="3"/> <!--   base=٣ -->
		<map iso="E04" to="4"/> <!--   base=٤ -->
		<map iso="E05" to="5"/> <!--   base=٥ -->
		<map iso="E06" to="6"/> <!--   base=٦ -->
		<map iso="E07" to="7"/> <!--   base=٧ -->
		<map iso="E08" to="8"/> <!--   base=٨ -->
		<map iso="E09" to="9"/> <!--   base=٩ -->
		<map iso="E10" to="0"/> <!--   base=٠ -->
		<map iso="E11" to="-"/>
		<map iso="E12" to="="/>
		<map iso="D01" to="ق"/> <!-- Q -->
		<map iso="D02" to="ش"/> <!-- W -->
		<map iso="D03" to="ع"/> <!-- E -->
		<map iso="D04" to="ر"/> <!-- R -->
		<map iso="D05" to="ت"/> <!-- T -->
		<map iso="D06" to="ط"/> <!-- Y -->
		<map iso="D07" to="و"/> <!-- U -->
		<map iso="D08" to="ي"/> <!-- I -->
		<map iso="D09" to="ه"/> <!-- O -->
		<map iso="D10" to="ة"/> <!-- P -->
		<map iso="D11" to="ث"/> <!-- [ -->
		<map iso="D12" to="ظ"/> <!-- ] -->
		<map iso="D13" to="ء"/> <!-- \ -->
		<map iso="C01" to="ا"/> <!-- A -->
		<map iso="C02" to="س"/> <!-- S -->
		<map iso="C03" to="د"/> <!-- D -->
		<map iso="C04" to="ف"/> <!-- F -->
		<map iso="C05" to="غ"/> <!-- G -->
		<map iso="C06" to="ح"/> <!-- H -->
		<map iso="C07" to="ج"/> <!-- J -->
		<map iso="C08" to="ك"/> <!-- K -->
		<map iso="C09" to="ل"/> <!-- L -->
		<map iso="C10" to="؛"/> <!-- ; -->
		<map iso="C11" to="&apos;"/>
		<map iso="B00" to="\u{3}"/> <!-- (key to left of Z) -->
		<map iso="B01" to="ز"/> <!-- Z -->
		<map iso="B02" to="خ"/> <!-- X -->
		<map iso="B03" to="ص"/> <!-- C -->
		<map iso="B04" to="ذ"/> <!-- V -->
		<map iso="B05" to="ب"/> <!-- B -->
		<map iso="B06" to="ن"/> <!-- N -->
		<map iso="B07" to="م"/> <!-- M -->
		<map iso="B08" to="،"/> <!-- , -->
		<map iso="B09" to="."/>
		<map iso="B10" to="\"/> <!-- / -->
		<map iso="A03" to=" "/> <!-- space -->
	</keyMap>
	<keyMap modifiers="opt opt+caps+shift?">
		<map iso="E00" to="&gt;"/> <!-- `  base=ـ -->
		<map iso="E01" to="إ"/> <!-- 1  base=١ -->
		<map iso="E02" to="❊"/> <!-- 2  base=٢ -->
		<map iso="E03" to="#"/> <!-- 3  base=٣ -->
		<map iso="E04" to="$"/> <!-- 4  base=٤ -->
		<map iso="E05" to="٪"/> <!-- 5  base=٥ -->
		<map iso="E06" to="&amp;"/> <!-- 6  base=٦ -->
		<map iso="E07" to="^"/> <!-- 7  base=٧ -->
		<map iso="E08" to="*"/> <!-- 8  base=٨ -->
		<map iso="E09" to=")"/> <!-- 9  base=٩ -->
		<map iso="E10" to="("/> <!-- 0  base=٠ -->
		<map iso="E11" to="_"/> <!-- - -->
		<map iso="E12" to="+"/> <!-- = -->
		<map iso="D01" to="ڤ"/> <!-- Q  base=ق -->
		<map iso="D02" to="\u{651}"/> <!-- W  base=ش  to= ّ  -->
		<map iso="D03" to="ی"/> <!-- E  base=ع -->
		<map iso="D04" to="غ"/> <!-- R  base=ر -->
		<map iso="D05" to="ط"/> <!-- T  base=ت -->
		<map iso="D06" to="ث"/> <!-- Y  base=ط -->
		<map iso="D07" to="\u{64F}"/> <!-- U  base=و  to= ُ  -->
		<map iso="D08" to="\u{650}"/> <!-- I  base=ي  to= ِ  -->
		<map iso="D09" to="\u{652}"/> <!-- O  base=ه  to= ْ  -->
		<map iso="D10" to="\u{651}"/> <!-- P  base=ة  to= ّ  -->
		<map iso="D11" to="]"/> <!-- [  base=ث -->
		<map iso="D12" to="["/> <!-- ]  base=ظ -->
		<map iso="D13" to="أ"/> <!-- \  base=ء -->
		<map iso="C01" to="\u{64E}"/> <!-- A  base=ا  to= َ  -->
		<map iso="C02" to="ص"/> <!-- S  base=س -->
		<map iso="C03" to="ض"/> <!-- D  base=د -->
		<map iso="C04" to="ڤ"/> <!-- F  base=ف -->
		<map iso="C05" to="ع"/> <!-- G  base=غ -->
		<map iso="C06" to="ه"/> <!-- H  base=ح -->
		<map iso="C07" to="خ"/> <!-- J  base=ج -->
		<map iso="C08" to="خ"/> <!-- K  base=ك -->
		<map iso="C11" to="ٱ"/> <!-- ' -->
		<map iso="B00" to="\u{3}"/> <!-- (key to left of Z) -->
		<map iso="B01" to="ظ"/> <!-- Z  base=ز -->
		<map iso="B02" to="ح"/> <!-- X  base=خ -->
		<map iso="B03" to="ث"/> <!-- C  base=ص -->
		<map iso="B04" to="ظ"/> <!-- V  base=ذ -->
		<map iso="B05" to="پ"/> <!-- B  base=ب -->
		<map iso="B07" to="آ"/> <!-- M  base=م -->
		<map iso="B08" to="»"/> <!-- ,  base=، -->
		<map iso="B09" to="«"/> <!-- . -->
		<map iso="B10" to="/"/> <!--   base=\ -->
		<map iso="A03" to="\u{A0}"/> <!-- space -->
	</keyMap>
	<keyMap modifiers="opt+shift">
		<map iso="E00" to="&lt;"/> <!-- `  base=ـ -->
		<map iso="E01" to="!"/> <!-- 1  base=١ -->
		<map iso="E02" to="❊"/> <!-- 2  base=٢ -->
		<map iso="E03" to="#"/> <!-- 3  base=٣ -->
		<map iso="E04" to="€"/> <!-- 4  base=٤ -->
		<map iso="E05" to="٪"/> <!-- 5  base=٥ -->
		<map iso="E06" to="&amp;"/> <!-- 6  base=٦ -->
		<map iso="E07" to="^"/> <!-- 7  base=٧ -->
		<map iso="E08" to="*"/> <!-- 8  base=٨ -->
		<map iso="E09" to=")"/> <!-- 9  base=٩ -->
		<map iso="E10" to="("/> <!-- 0  base=٠ -->
		<map iso="E11" to="_"/> <!-- - -->
		<map iso="E12" to="+"/> <!-- = -->
		<map iso="D01" to="گ"/> <!-- Q  base=ق -->
		<map iso="D02" to="\u{651}"/> <!-- W  base=ش  to= ّ  -->
		<map iso="D04" to="ڑ"/> <!-- R  base=ر -->
		<map iso="D05" to="ة"/> <!-- T  base=ت -->
		<map iso="D06" to="ى"/> <!-- Y  base=ط -->
		<map iso="D07" to="\u{64C}"/> <!-- U  base=و  to= ٌ  -->
		<map iso="D08" to="\u{64D}"/> <!-- I  base=ي  to= ٍ  -->
		<map iso="D09" to="ە"/> <!-- O  base=ه -->
		<map iso="D10" to="پ"/> <!-- P  base=ة -->
		<map iso="D11" to="}"/> <!-- [  base=ث -->
		<map iso="D12" to="{"/> <!-- ]  base=ظ -->
		<map iso="D13" to="آ"/> <!-- \  base=ء -->
		<map iso="C01" to="\u{64B}"/> <!-- A  base=ا  to= ً  -->
		<map iso="C02" to="\u{651}"/> <!-- S  base=س  to= ّ  -->
		<map iso="C03" to="ڈ"/> <!-- D  base=د -->
		<map iso="C04" to="ڤ"/> <!-- F  base=ف -->
		<map iso="C05" to="گ"/> <!-- G  base=غ -->
		<map iso="C06" to="چ"/> <!-- H  base=ح -->
		<map iso="C07" to="ژ"/> <!-- J  base=ج -->
		<map iso="C08" to="ک"/> <!-- K  base=ك -->
		<map iso="B00" to="\u{3}"/> <!-- (key to left of Z) -->
		<map iso="B01" to="ژ"/> <!-- Z  base=ز -->
		<map iso="B03" to="چ"/> <!-- C  base=ص -->
		<map iso="B04" to="ڤ"/> <!-- V  base=ذ -->
		<map iso="B05" to="ٹ"/> <!-- B  base=ب -->
		<map iso="B06" to="ں"/> <!-- N  base=ن -->
		<map iso="B07" to="آ"/> <!-- M  base=م -->
		<map iso="B08" to="❊"/> <!-- ,  base=، -->
		<map iso="B10" to="\"/> <!-- / -->
		<map iso="A03" to="\u{A0}"/> <!-- space -->
	</keyMap>
	<keyMap modifiers="ctrl+opt?+caps?+shift? ctrl+cmd?+opt?+shift? ctrl+cmd?+opt?+caps? cmd+ctrlR+opt+caps+shift cmd+ctrlL+opt+caps+shift cmd+ctrl+caps+shift+optR? cmd+ctrl+caps+shift+optL? cmd+ctrl+opt+caps+shiftR? cmd+ctrl+opt+caps+shiftL?">
		<map iso="E00" to="`"/> <!--   base=ـ -->
		<map iso="E01" to="1"/> <!--   base=١ -->
		<map iso="E02" to="2"/> <!--   base=٢ -->
		<map iso="E03" to="3"/> <!--   base=٣ -->
		<map iso="E04" to="4"/> <!--   base=٤ -->
		<map iso="E05" to="5"/> <!--   base=٥ -->
		<map iso="E06" to="6"/> <!--   base=٦ -->
		<map iso="E07" to="7"/> <!--   base=٧ -->
		<map iso="E08" to="8"/> <!--   base=٨ -->
		<map iso="E09" to="9"/> <!--   base=٩ -->
		<map iso="E10" to="0"/> <!--   base=٠ -->
		<map iso="E11" to="\u{1F}"/> <!-- - -->
		<map iso="E12" to="="/>
		<map iso="D01" to="\u{11}"/> <!-- Q  base=ق -->
		<map iso="D02" to="\u{17}"/> <!-- W  base=ش -->
		<map iso="D03" to="\u{5}"/> <!-- E  base=ع -->
		<map iso="D04" to="\u{12}"/> <!-- R  base=ر -->
		<map iso="D05" to="\u{14}"/> <!-- T  base=ت -->
		<map iso="D06" to="\u{19}"/> <!-- Y  base=ط -->
		<map iso="D07" to="\u{15}"/> <!-- U  base=و -->
		<map iso="D08" to="\u{9}"/> <!-- I  base=ي -->
		<map iso="D09" to="\u{F}"/> <!-- O  base=ه -->
		<map iso="D10" to="\u{10}"/> <!-- P  base=ة -->
		<map iso="D11" to="\u{1B}"/> <!-- [  base=ث -->
		<map iso="D12" to="\u{1D}"/> <!-- ]  base=ظ -->
		<map iso="D13" to="\u{1C}"/> <!-- \  base=ء -->
		<map iso="C01" to="\u{1}"/> <!-- A  base=ا -->
		<map iso="C02" to="\u{13}"/> <!-- S  base=س -->
		<map iso="C03" to="\u{4}"/> <!-- D  base=د -->
		<map iso="C04" to="\u{6}"/> <!-- F  base=ف -->
		<map iso="C05" to="\u{7}"/> <!-- G  base=غ -->
		<map iso="C06" to="\u{8}"/> <!-- H  base=ح -->
		<map iso="C07" to="\u{A}"/> <!-- J  base=ج -->
		<map iso="C08" to="\u{B}"/> <!-- K  base=ك -->
		<map iso="C09" to="\u{C}"/> <!-- L  base=ل -->
		<map iso="C10" to=";"/> <!--   base=؛ -->
		<map iso="C11" to="&apos;"/>
		<map iso="B00" to="0"/> <!-- (key to left of Z) -->
		<map iso="B01" to="\u{1A}"/> <!-- Z  base=ز -->
		<map iso="B02" to="\u{18}"/> <!-- X  base=خ -->
		<map iso="B03" to="\u{3}"/> <!-- C  base=ص -->
		<map iso="B04" to="\u{16}"/> <!-- V  base=ذ -->
		<map iso="B05" to="\u{2}"/> <!-- B  base=ب -->
		<map iso="B06" to="\u{E}"/> <!-- N  base=ن -->
		<map iso="B07" to="\u{D}"/> <!-- M  base=م -->
		<map iso="B08" to=","/> <!--   base=، -->
		<map iso="B09" to="."/>
		<map iso="B10" to="/"/> <!--   base=\ -->
		<map iso="A03" to=" "/> <!-- space -->
	</keyMap>
	<keyMap modifiers="cmd+caps? cmd+opt+caps?">
		<map iso="E00" to="`"/> <!--   base=ـ -->
		<map iso="E01" to="1"/> <!--   base=١ -->
		<map iso="E02" to="2"/> <!--   base=٢ -->
		<map iso="E03" to="3"/> <!--   base=٣ -->
		<map iso="E04" to="4"/> <!--   base=٤ -->
		<map iso="E05" to="5"/> <!--   base=٥ -->
		<map iso="E06" to="6"/> <!--   base=٦ -->
		<map iso="E07" to="7"/> <!--   base=٧ -->
		<map iso="E08" to="8"/> <!--   base=٨ -->
		<map iso="E09" to="9"/> <!--   base=٩ -->
		<map iso="E10" to="0"/> <!--   base=٠ -->
		<map iso="E11" to="-"/>
		<map iso="E12" to="="/>
		<map iso="D01" to="q"/> <!--   base=ق -->
		<map iso="D02" to="w"/> <!--   base=ش -->
		<map iso="D03" to="e"/> <!--   base=ع -->
		<map iso="D04" to="r"/> <!--   base=ر -->
		<map iso="D05" to="t"/> <!--   base=ت -->
		<map iso="D06" to="y"/> <!--   base=ط -->
		<map iso="D07" to="u"/> <!--   base=و -->
		<map iso="D08" to="i"/> <!--   base=ي -->
		<map iso="D09" to="o"/> <!--   base=ه -->
		<map iso="D10" to="p"/> <!--   base=ة -->
		<map iso="D11" to="["/> <!--   base=ث -->
		<map iso="D12" to="]"/> <!--   base=ظ -->
		<map iso="D13" to="\"/> <!--   base=ء -->
		<map iso="C01" to="a"/> <!--   base=ا -->
		<map iso="C02" to="s"/> <!--   base=س -->
		<map iso="C03" to="d"/> <!--   base=د -->
		<map iso="C04" to="f"/> <!--   base=ف -->
		<map iso="C05" to="g"/> <!--   base=غ -->
		<map iso="C06" to="h"/> <!--   base=ح -->
		<map iso="C07" to="j"/> <!--   base=ج -->
		<map iso="C08" to="k"/> <!--   base=ك -->
		<map iso="C09" to="l"/> <!--   base=ل -->
		<map iso="C10" to=";"/> <!--   base=؛ -->
		<map iso="C11" to="&apos;"/>
		<map iso="B01" to="z"/> <!--   base=ز -->
		<map iso="B02" to="x"/> <!--   base=خ -->
		<map iso="B03" to="c"/> <!--   base=ص -->
		<map iso="B04" to="v"/> <!--   base=ذ -->
		<map iso="B05" to="b"/> <!--   base=ب -->
		<map iso="B06" to="n"/> <!--   base=ن -->
		<map iso="B07" to="m"/> <!--   base=م -->
		<map iso="B08" to=","/> <!--   base=، -->
		<map iso="B09" to="."/>
		<map iso="B10" to="/"/> <!--   base=\ -->
		<map iso="A03" to=" "/> <!-- space -->
	</keyMap>
	<keyMap modifiers="cmd+shift+opt?+caps?">
		<map iso="E00" to="~"/> <!-- `  base=ـ -->
		<map iso="E01" to="!" transform="no"/> <!-- 1  base=١ -->
		<map iso="E02" to="@"/> <!-- 2  base=٢ -->
		<map iso="E03" to="#"/> <!-- 3  base=٣ -->
		<map iso="E04" to="$"/> <!-- 4  base=٤ -->
		<map iso="E05" to="%"/> <!-- 5  base=٥ -->
		<map iso="E06" to="^"/> <!-- 6  base=٦ -->
		<map iso="E07" to="&amp;"/> <!-- 7  base=٧ -->
		<map iso="E08" to="*"/> <!-- 8  base=٨ -->
		<map iso="E09" to="("/> <!-- 9  base=٩ -->
		<map iso="E10" to=")"/> <!-- 0  base=٠ -->
		<map iso="E11" to="_"/> <!-- - -->
		<map iso="E12" to="+"/> <!-- = -->
		<map iso="D01" to="Q"/> <!--   base=ق -->
		<map iso="D02" to="W"/> <!--   base=ش -->
		<map iso="D03" to="E"/> <!--   base=ع -->
		<map iso="D04" to="R"/> <!--   base=ر -->
		<map iso="D05" to="T"/> <!--   base=ت -->
		<map iso="D06" to="Y"/> <!--   base=ط -->
		<map iso="D07" to="U"/> <!--   base=و -->
		<map iso="D08" to="I"/> <!--   base=ي -->
		<map iso="D09" to="O"/> <!--   base=ه -->
		<map iso="D10" to="P"/> <!--   base=ة -->
		<map iso="D11" to="{"/> <!-- [  base=ث -->
		<map iso="D12" to="}"/> <!-- ]  base=ظ -->
		<map iso="D13" to="|"/> <!-- \  base=ء -->
		<map iso="C01" to="A"/> <!--   base=ا -->
		<map iso="C02" to="S"/> <!--   base=س -->
		<map iso="C03" to="D"/> <!--   base=د -->
		<map iso="C04" to="F"/> <!--   base=ف -->
		<map iso="C05" to="G"/> <!--   base=غ -->
		<map iso="C06" to="H"/> <!--   base=ح -->
		<map iso="C07" to="J"/> <!--   base=ج -->
		<map iso="C08" to="K"/> <!--   base=ك -->
		<map iso="C09" to="L"/> <!--   base=ل -->
		<map iso="C10" to=":"/> <!-- ;  base=؛ -->
		<map iso="C11" to="\u{22}"/> <!-- '  to= "  -->
		<map iso="B01" to="Z"/> <!--   base=ز -->
		<map iso="B02" to="X"/> <!--   base=خ -->
		<map iso="B03" to="C"/> <!--   base=ص -->
		<map iso="B04" to="V"/> <!--   base=ذ -->
		<map iso="B05" to="B"/> <!--   base=ب -->
		<map iso="B06" to="N"/> <!--   base=ن -->
		<map iso="B07" to="M"/> <!--   base=م -->
		<map iso="B08" to="&lt;"/> <!-- ,  base=، -->
		<map iso="B09" to="&gt;"/> <!-- . -->
		<map iso="B10" to="?"/> <!-- /  base=\ -->
		<map iso="A03" to=" " transform="no"/> <!-- space -->
	</keyMap>
	<transforms type="simple">
		<transform from="ء\u{64E}" to="آ"/> <!--  ءَ → آ -->
		<transform from="ء\u{650}" to="إ"/> <!--  ءِ → إ -->
		<transform from="ء " to="ء"/>
		<transform from="ء\u{A0}" to="ء"/>
		<transform from="ء!" to="إ"/>
		<transform from="ء١" to="إ"/>
		<transform from="ءا" to="أ"/>
		<transform from="ءس" to="ئ"/>
		<transform from="ءو" to="ؤ"/>
		<transform from="ءي" to="ئ"/>
		<transform from="ءى" to="ئ"/>
	</transforms>
</keyboard>

