<?xml version="1.0" encoding="UTF-8" ?>
<!DOCTYPE keyboard SYSTEM "../dtd/ldmlKeyboard.dtd">
<keyboard locale="et-t-k0-osx">
	<version platform="10.9" number="$Revision$"/>
	<names>
		<name value="Estonian"/>
	</names>
	<keyMap>
		<map iso="E00" to="&lt;"/> <!-- ` -->
		<map iso="E01" to="1"/>
		<map iso="E02" to="2"/>
		<map iso="E03" to="3"/>
		<map iso="E04" to="4"/>
		<map iso="E05" to="5"/>
		<map iso="E06" to="6"/>
		<map iso="E07" to="7"/>
		<map iso="E08" to="8"/>
		<map iso="E09" to="9"/>
		<map iso="E10" to="0"/>
		<map iso="E11" to="+"/> <!-- - -->
		<map iso="E12" to="&apos;"/> <!-- = -->
		<map iso="D01" to="q"/>
		<map iso="D02" to="w"/>
		<map iso="D03" to="e"/>
		<map iso="D04" to="r"/>
		<map iso="D05" to="t"/>
		<map iso="D06" to="y"/>
		<map iso="D07" to="u"/>
		<map iso="D08" to="i"/>
		<map iso="D09" to="o"/>
		<map iso="D10" to="p"/>
		<map iso="D11" to="ü"/> <!-- [ -->
		<map iso="D12" to="õ"/> <!-- ] -->
		<map iso="D13" to="&apos;" transform="no"/> <!-- \ -->
		<map iso="C01" to="a"/>
		<map iso="C02" to="s"/>
		<map iso="C03" to="d"/>
		<map iso="C04" to="f"/>
		<map iso="C05" to="g"/>
		<map iso="C06" to="h"/>
		<map iso="C07" to="j"/>
		<map iso="C08" to="k"/>
		<map iso="C09" to="l"/>
		<map iso="C10" to="ö"/> <!-- ; -->
		<map iso="C11" to="ä"/> <!-- ' -->
		<map iso="B00" to="ˇ"/> <!-- (key to left of Z) -->
		<map iso="B01" to="z"/>
		<map iso="B02" to="x"/>
		<map iso="B03" to="c"/>
		<map iso="B04" to="v"/>
		<map iso="B05" to="b"/>
		<map iso="B06" to="n"/>
		<map iso="B07" to="m"/>
		<map iso="B08" to=","/>
		<map iso="B09" to="."/>
		<map iso="B10" to="-"/> <!-- / -->
		<map iso="A03" to=" "/> <!-- space -->
	</keyMap>
	<keyMap modifiers="shift+caps?">
		<map iso="E00" to="&gt;"/> <!-- `  base=< -->
		<map iso="E01" to="!"/> <!-- 1 -->
		<map iso="E02" to="\u{22}"/> <!-- 2  to= "  -->
		<map iso="E03" to="#"/> <!-- 3 -->
		<map iso="E04" to="€"/> <!-- 4 -->
		<map iso="E05" to="%"/> <!-- 5 -->
		<map iso="E06" to="&amp;"/> <!-- 6 -->
		<map iso="E07" to="/"/> <!-- 7 -->
		<map iso="E08" to="("/> <!-- 8 -->
		<map iso="E09" to=")"/> <!-- 9 -->
		<map iso="E10" to="="/> <!-- 0 -->
		<map iso="E11" to="?"/> <!-- -  base=+ -->
		<map iso="E12" to="–"/> <!-- =  base=' -->
		<map iso="D01" to="Q"/>
		<map iso="D02" to="W"/>
		<map iso="D03" to="E"/>
		<map iso="D04" to="R"/>
		<map iso="D05" to="T"/>
		<map iso="D06" to="Y"/>
		<map iso="D07" to="U"/>
		<map iso="D08" to="I"/>
		<map iso="D09" to="O"/>
		<map iso="D10" to="P"/>
		<map iso="D11" to="Ü"/> <!-- [ -->
		<map iso="D12" to="Õ"/> <!-- ] -->
		<map iso="D13" to="*"/> <!-- \  base=' -->
		<map iso="C01" to="A"/>
		<map iso="C02" to="S"/>
		<map iso="C03" to="D"/>
		<map iso="C04" to="F"/>
		<map iso="C05" to="G"/>
		<map iso="C06" to="H"/>
		<map iso="C07" to="J"/>
		<map iso="C08" to="K"/>
		<map iso="C09" to="L"/>
		<map iso="C10" to="Ö"/> <!-- ; -->
		<map iso="C11" to="Ä"/> <!-- ' -->
		<map iso="B00" to="~"/> <!-- (key to left of Z)  base=ˇ -->
		<map iso="B01" to="Z"/>
		<map iso="B02" to="X"/>
		<map iso="B03" to="C"/>
		<map iso="B04" to="V"/>
		<map iso="B05" to="B"/>
		<map iso="B06" to="N"/>
		<map iso="B07" to="M"/>
		<map iso="B08" to=";"/> <!-- , -->
		<map iso="B09" to=":"/> <!-- . -->
		<map iso="B10" to="_"/> <!-- /  base=- -->
		<map iso="A03" to=" "/> <!-- space -->
	</keyMap>
	<keyMap modifiers="caps">
		<map iso="E00" to="&lt;"/> <!-- ` -->
		<map iso="E01" to="1"/>
		<map iso="E02" to="2"/>
		<map iso="E03" to="3"/>
		<map iso="E04" to="4"/>
		<map iso="E05" to="5"/>
		<map iso="E06" to="6"/>
		<map iso="E07" to="7"/>
		<map iso="E08" to="8"/>
		<map iso="E09" to="9"/>
		<map iso="E10" to="0"/>
		<map iso="E11" to="+"/> <!-- - -->
		<map iso="E12" to="ę"/> <!-- =  base=' -->
		<map iso="D01" to="Q"/>
		<map iso="D02" to="W"/>
		<map iso="D03" to="E"/>
		<map iso="D04" to="R"/>
		<map iso="D05" to="T"/>
		<map iso="D06" to="Y"/>
		<map iso="D07" to="U"/>
		<map iso="D08" to="I"/>
		<map iso="D09" to="O"/>
		<map iso="D10" to="P"/>
		<map iso="D11" to="Ü"/> <!-- [ -->
		<map iso="D12" to="Õ"/> <!-- ] -->
		<map iso="D13" to="&apos;" transform="no"/> <!-- \ -->
		<map iso="C01" to="A"/>
		<map iso="C02" to="S"/>
		<map iso="C03" to="D"/>
		<map iso="C04" to="F"/>
		<map iso="C05" to="G"/>
		<map iso="C06" to="H"/>
		<map iso="C07" to="J"/>
		<map iso="C08" to="K"/>
		<map iso="C09" to="L"/>
		<map iso="C10" to="Ö"/> <!-- ; -->
		<map iso="C11" to="Ä"/> <!-- ' -->
		<map iso="B00" to="§"/> <!-- (key to left of Z)  base=ˇ -->
		<map iso="B01" to="Z"/>
		<map iso="B02" to="X"/>
		<map iso="B03" to="C"/>
		<map iso="B04" to="V"/>
		<map iso="B05" to="B"/>
		<map iso="B06" to="N"/>
		<map iso="B07" to="M"/>
		<map iso="B08" to=","/>
		<map iso="B09" to="."/>
		<map iso="B10" to="-"/> <!-- / -->
		<map iso="A03" to=" "/> <!-- space -->
	</keyMap>
	<keyMap modifiers="opt">
		<map iso="E00" to="|"/> <!-- `  base=< -->
		<map iso="E01" to="©"/> <!-- 1 -->
		<map iso="E02" to="@"/> <!-- 2 -->
		<map iso="E03" to="£"/> <!-- 3 -->
		<map iso="E04" to="$"/> <!-- 4 -->
		<map iso="E06" to="§"/> <!-- 6 -->
		<map iso="E07" to="{"/> <!-- 7 -->
		<map iso="E08" to="["/> <!-- 8 -->
		<map iso="E09" to="]"/> <!-- 9 -->
		<map iso="E10" to="}"/> <!-- 0 -->
		<map iso="E11" to="\"/> <!-- -  base=+ -->
		<map iso="E12" to="¨"/> <!-- =  base=' -->
		<map iso="D01" to="•"/> <!-- Q -->
		<map iso="D03" to="é"/> <!-- E -->
		<map iso="D04" to="®"/> <!-- R -->
		<map iso="D05" to="†"/> <!-- T -->
		<map iso="D11" to="ű"/> <!-- [  base=ü -->
		<map iso="D12" to="§"/> <!-- ]  base=õ -->
		<map iso="D13" to="™"/> <!-- \  base=' -->
		<map iso="C02" to="š"/> <!-- S -->
		<map iso="C03" to="∂"/> <!-- D -->
		<map iso="C07" to="√"/> <!-- J -->
		<map iso="C09" to="ß"/> <!-- L -->
		<map iso="C10" to="ő"/> <!-- ;  base=ö -->
		<map iso="B00" to="¶"/> <!-- (key to left of Z)  base=ˇ -->
		<map iso="B01" to="ž"/> <!-- Z -->
		<map iso="B03" to="č"/> <!-- C -->
		<map iso="B04" to="‹"/> <!-- V -->
		<map iso="B05" to="›"/> <!-- B -->
		<map iso="B06" to="‚"/> <!-- N -->
		<map iso="B07" to="‘"/> <!-- M -->
		<map iso="B08" to="’"/> <!-- , -->
		<map iso="B09" to="…"/> <!-- . -->
		<map iso="B10" to="–" transform="no"/> <!-- /  base=- -->
		<map iso="A03" to="\u{A0}"/> <!-- space -->
	</keyMap>
	<keyMap modifiers="opt+shift+cmd?+caps?">
		<map iso="E00" to="|"/> <!-- `  base=< -->
		<map iso="E02" to="”"/> <!-- 2 -->
		<map iso="E06" to="¶"/> <!-- 6 -->
		<map iso="E08" to="≤"/> <!-- 8 -->
		<map iso="E09" to="≥"/> <!-- 9 -->
		<map iso="E10" to="≠"/> <!-- 0 -->
		<map iso="E12" to="ˇ"/> <!-- =  base=' -->
		<map iso="D01" to="°"/> <!-- Q -->
		<map iso="D03" to="É"/> <!-- E -->
		<map iso="D04" to="√"/> <!-- R -->
		<map iso="D08" to="ˇ" transform="no"/> <!-- I -->
		<map iso="D11" to="Ű"/> <!-- [  base=ü -->
		<map iso="D12" to="~"/> <!-- ]  base=õ -->
		<map iso="D13" to="’"/> <!-- \  base=' -->
		<map iso="C01" to="◊"/> <!-- A -->
		<map iso="C02" to="Š"/> <!-- S -->
		<map iso="C03" to="∆"/> <!-- D -->
		<map iso="C07" to="¬"/> <!-- J -->
		<map iso="C09" to="∑"/> <!-- L -->
		<map iso="C10" to="Ő"/> <!-- ;  base=ö -->
		<map iso="B00" to="•"/> <!-- (key to left of Z)  base=ˇ -->
		<map iso="B01" to="Ž"/> <!-- Z -->
		<map iso="B02" to="≠"/> <!-- X -->
		<map iso="B03" to="Č"/> <!-- C -->
		<map iso="B04" to="«"/> <!-- V -->
		<map iso="B05" to="»"/> <!-- B -->
		<map iso="B06" to="„"/> <!-- N -->
		<map iso="B07" to="“"/> <!-- M -->
		<map iso="B08" to="”"/> <!-- , -->
		<map iso="B09" to="÷"/> <!-- . -->
		<map iso="B10" to="—"/> <!-- /  base=- -->
		<map iso="A03" to="\u{A0}"/> <!-- space -->
	</keyMap>
	<keyMap modifiers="opt+caps+cmd?">
		<map iso="E00" to="≤"/> <!-- `  base=< -->
		<map iso="E01" to="©"/> <!-- 1 -->
		<map iso="E02" to="™"/> <!-- 2 -->
		<map iso="E03" to="£"/> <!-- 3 -->
		<map iso="E04" to="$"/> <!-- 4 -->
		<map iso="E05" to="į"/> <!-- 5 -->
		<map iso="E06" to="§"/> <!-- 6 -->
		<map iso="E07" to="|"/> <!-- 7 -->
		<map iso="E08" to="["/> <!-- 8 -->
		<map iso="E09" to="]"/> <!-- 9 -->
		<map iso="E10" to="Ň"/> <!-- 0 -->
		<map iso="E11" to="Ī"/> <!-- -  base=+ -->
		<map iso="E12" to="ę" transform="no"/> <!-- =  base=' -->
		<map iso="D01" to="•"/> <!-- Q -->
		<map iso="D02" to="Ĺ"/> <!-- W -->
		<map iso="D03" to="É"/> <!-- E -->
		<map iso="D04" to="®"/> <!-- R -->
		<map iso="D05" to="†"/> <!-- T -->
		<map iso="D06" to="Ķ"/> <!-- Y -->
		<map iso="D07" to="Ü"/> <!-- U -->
		<map iso="D08" to="ű"/> <!-- I -->
		<map iso="D09" to="ő"/> <!-- O -->
		<map iso="D10" to="Ļ"/> <!-- P -->
		<map iso="D11" to="ķ"/> <!-- [  base=ü -->
		<map iso="D12" to="~"/> <!-- ]  base=õ -->
		<map iso="D13" to="@"/> <!-- \  base=' -->
		<map iso="C01" to="ū"/> <!-- A -->
		<map iso="C02" to="Š"/> <!-- S -->
		<map iso="C03" to="∂"/> <!-- D -->
		<map iso="C04" to="ń"/> <!-- F -->
		<map iso="C05" to="Ł"/> <!-- G -->
		<map iso="C06" to="Ģ"/> <!-- H -->
		<map iso="C07" to="√"/> <!-- J -->
		<map iso="C08" to="Ľ"/> <!-- K -->
		<map iso="C09" to="ř"/> <!-- L -->
		<map iso="C10" to="Į"/> <!-- ;  base=ö -->
		<map iso="C11" to="ģ"/> <!-- '  base=ä -->
		<map iso="B00" to="¶"/> <!-- (key to left of Z)  base=ˇ -->
		<map iso="B01" to="Ž"/> <!-- Z -->
		<map iso="B02" to="Ň"/> <!-- X -->
		<map iso="B03" to="ā"/> <!-- C -->
		<map iso="B04" to="‹"/> <!-- V -->
		<map iso="B05" to="›"/> <!-- B -->
		<map iso="B06" to="‘"/> <!-- N -->
		<map iso="B07" to="’"/> <!-- M -->
		<map iso="B08" to="‚"/> <!-- , -->
		<map iso="B09" to="…"/> <!-- . -->
		<map iso="B10" to="–" transform="no"/> <!-- /  base=- -->
		<map iso="A03" to="\u{A0}"/> <!-- space -->
	</keyMap>
	<keyMap modifiers="ctrl+opt?+caps?+shift? ctrl+cmd?+opt?+shift? ctrl+cmd?+opt?+caps? cmd+ctrlR+opt+caps+shift cmd+ctrlL+opt+caps+shift cmd+ctrl+caps+shift+optR? cmd+ctrl+caps+shift+optL? cmd+ctrl+opt+caps+shiftR? cmd+ctrl+opt+caps+shiftL?">
		<map iso="E00" to="&lt;"/> <!-- ` -->
		<map iso="E01" to="1"/>
		<map iso="E02" to="2"/>
		<map iso="E03" to="3"/>
		<map iso="E04" to="4"/>
		<map iso="E05" to="5"/>
		<map iso="E06" to="6"/>
		<map iso="E07" to="7"/>
		<map iso="E08" to="8"/>
		<map iso="E09" to="9"/>
		<map iso="E10" to="0"/>
		<map iso="E11" to="+"/> <!-- - -->
		<map iso="E12" to="ę" transform="no"/> <!-- =  base=' -->
		<map iso="D01" to="\u{11}"/> <!-- Q -->
		<map iso="D02" to="\u{17}"/> <!-- W -->
		<map iso="D03" to="\u{5}"/> <!-- E -->
		<map iso="D04" to="\u{12}"/> <!-- R -->
		<map iso="D05" to="\u{14}"/> <!-- T -->
		<map iso="D06" to="\u{19}"/> <!-- Y -->
		<map iso="D07" to="\u{15}"/> <!-- U -->
		<map iso="D08" to="\u{9}"/> <!-- I -->
		<map iso="D09" to="\u{F}"/> <!-- O -->
		<map iso="D10" to="\u{10}"/> <!-- P -->
		<map iso="D11" to="\u{1D}"/> <!-- [  base=ü -->
		<map iso="D12" to="\u{1E}"/> <!-- ]  base=õ -->
		<map iso="D13" to="&apos;" transform="no"/> <!-- \ -->
		<map iso="C01" to="\u{1}"/> <!-- A -->
		<map iso="C02" to="\u{13}"/> <!-- S -->
		<map iso="C03" to="\u{4}"/> <!-- D -->
		<map iso="C04" to="\u{6}"/> <!-- F -->
		<map iso="C05" to="\u{7}"/> <!-- G -->
		<map iso="C06" to="\u{8}"/> <!-- H -->
		<map iso="C07" to="\u{D}"/> <!-- J -->
		<map iso="C08" to="\u{B}"/> <!-- K -->
		<map iso="C09" to="\u{C}"/> <!-- L -->
		<map iso="C10" to="\u{1C}"/> <!-- ;  base=ö -->
		<map iso="C11" to="\u{1B}"/> <!-- '  base=ä -->
		<map iso="B01" to="\u{1A}"/> <!-- Z -->
		<map iso="B02" to="\u{18}"/> <!-- X -->
		<map iso="B03" to="\u{3}"/> <!-- C -->
		<map iso="B04" to="\u{16}"/> <!-- V -->
		<map iso="B05" to="\u{2}"/> <!-- B -->
		<map iso="B06" to="\u{E}"/> <!-- N -->
		<map iso="B07" to="\u{D}"/> <!-- M -->
		<map iso="B08" to=","/>
		<map iso="B09" to="."/>
		<map iso="B10" to="\u{1F}"/> <!-- /  base=- -->
		<map iso="A03" to=" "/> <!-- space -->
	</keyMap>
	<keyMap modifiers="cmd+shiftR? cmd+shiftR+shiftL? cmd+caps+shift?">
		<map iso="E00" to="`"/> <!--   base=< -->
		<map iso="E01" to="1"/>
		<map iso="E02" to="2"/>
		<map iso="E03" to="3"/>
		<map iso="E04" to="4"/>
		<map iso="E05" to="5"/>
		<map iso="E06" to="6"/>
		<map iso="E07" to="7"/>
		<map iso="E08" to="8"/>
		<map iso="E09" to="9"/>
		<map iso="E10" to="0"/>
		<map iso="E11" to="-"/> <!--   base=+ -->
		<map iso="E12" to="="/> <!--   base=' -->
		<map iso="D01" to="q"/>
		<map iso="D02" to="w"/>
		<map iso="D03" to="e"/>
		<map iso="D04" to="r"/>
		<map iso="D05" to="t"/>
		<map iso="D06" to="y"/>
		<map iso="D07" to="u"/>
		<map iso="D08" to="i"/>
		<map iso="D09" to="o"/>
		<map iso="D10" to="p"/>
		<map iso="D11" to="["/> <!--   base=ü -->
		<map iso="D12" to="]"/> <!--   base=õ -->
		<map iso="D13" to="\"/> <!--   base=' -->
		<map iso="C01" to="a"/>
		<map iso="C02" to="s"/>
		<map iso="C03" to="d"/>
		<map iso="C04" to="f"/>
		<map iso="C05" to="g"/>
		<map iso="C06" to="h"/>
		<map iso="C07" to="j"/>
		<map iso="C08" to="k"/>
		<map iso="C09" to="l"/>
		<map iso="C10" to=";"/> <!--   base=ö -->
		<map iso="C11" to="&apos;" transform="no"/> <!--   base=ä -->
		<map iso="B00" to="§"/> <!-- (key to left of Z)  base=ˇ -->
		<map iso="B01" to="z"/>
		<map iso="B02" to="x"/>
		<map iso="B03" to="c"/>
		<map iso="B04" to="v"/>
		<map iso="B05" to="b"/>
		<map iso="B06" to="n"/>
		<map iso="B07" to="m"/>
		<map iso="B08" to=","/>
		<map iso="B09" to="."/>
		<map iso="B10" to="/"/> <!--   base=- -->
		<map iso="A03" to=" "/> <!-- space -->
	</keyMap>
	<keyMap modifiers="cmd+opt">
		<map iso="E00" to="|"/> <!-- `  base=< -->
		<map iso="E01" to="©"/> <!-- 1 -->
		<map iso="E02" to="@"/> <!-- 2 -->
		<map iso="E03" to="£"/> <!-- 3 -->
		<map iso="E04" to="$"/> <!-- 4 -->
		<map iso="E05" to=" " transform="no"/> <!-- 5 -->
		<map iso="E06" to="§"/> <!-- 6 -->
		<map iso="E07" to="{"/> <!-- 7 -->
		<map iso="E08" to="["/> <!-- 8 -->
		<map iso="E09" to="]"/> <!-- 9 -->
		<map iso="E10" to="}"/> <!-- 0 -->
		<map iso="E11" to="\"/> <!-- -  base=+ -->
		<map iso="E12" to="¨" transform="no"/> <!-- =  base=' -->
		<map iso="D01" to="•"/> <!-- Q -->
		<map iso="D02" to=" " transform="no"/> <!-- W -->
		<map iso="D03" to="é"/> <!-- E -->
		<map iso="D04" to="®"/> <!-- R -->
		<map iso="D05" to="†"/> <!-- T -->
		<map iso="D06" to=" " transform="no"/> <!-- Y -->
		<map iso="D07" to=" " transform="no"/> <!-- U -->
		<map iso="D08" to=" " transform="no"/> <!-- I -->
		<map iso="D09" to=" " transform="no"/> <!-- O -->
		<map iso="D10" to=" " transform="no"/> <!-- P -->
		<map iso="D11" to="ű"/> <!-- [  base=ü -->
		<map iso="D12" to="§"/> <!-- ]  base=õ -->
		<map iso="D13" to="™"/> <!-- \  base=' -->
		<map iso="C01" to=" " transform="no"/> <!-- A -->
		<map iso="C02" to="š"/> <!-- S -->
		<map iso="C03" to="∂"/> <!-- D -->
		<map iso="C04" to=" " transform="no"/> <!-- F -->
		<map iso="C05" to=" " transform="no"/> <!-- G -->
		<map iso="C06" to=" " transform="no"/> <!-- H -->
		<map iso="C07" to="√"/> <!-- J -->
		<map iso="C08" to=" " transform="no"/> <!-- K -->
		<map iso="C09" to="ß"/> <!-- L -->
		<map iso="C10" to="ő"/> <!-- ;  base=ö -->
		<map iso="C11" to=" " transform="no"/> <!-- '  base=ä -->
		<map iso="B00" to="¶"/> <!-- (key to left of Z)  base=ˇ -->
		<map iso="B01" to="ž"/> <!-- Z -->
		<map iso="B02" to=" " transform="no"/> <!-- X -->
		<map iso="B03" to="č"/> <!-- C -->
		<map iso="B04" to="‹"/> <!-- V -->
		<map iso="B05" to="›"/> <!-- B -->
		<map iso="B06" to="‚"/> <!-- N -->
		<map iso="B07" to="‘"/> <!-- M -->
		<map iso="B08" to="’"/> <!-- , -->
		<map iso="B09" to="…"/> <!-- . -->
		<map iso="B10" to="–" transform="no"/> <!-- /  base=- -->
		<map iso="A03" to="\u{A0}"/> <!-- space -->
	</keyMap>
	<transforms type="simple">
		<transform from="– " to="–"/>
		<transform from="–a" to="ā"/>
		<transform from="–A" to="Ā"/>
		<transform from="–e" to="ē"/>
		<transform from="–E" to="Ē"/>
		<transform from="–g" to="ģ"/>
		<transform from="–G" to="Ģ"/>
		<transform from="–i" to="ī"/>
		<transform from="–I" to="Ī"/>
		<transform from="–k" to="ķ"/>
		<transform from="–K" to="Ķ"/>
		<transform from="–l" to="ļ"/>
		<transform from="–L" to="Ļ"/>
		<transform from="–n" to="ņ"/>
		<transform from="–N" to="Ņ"/>
		<transform from="–o" to="ō"/>
		<transform from="–O" to="Ō"/>
		<transform from="–r" to="ŗ"/>
		<transform from="–R" to="Ŗ"/>
		<transform from="–u" to="ū"/>
		<transform from="–U" to="Ū"/>
		<transform from="&apos; " to="&apos;"/>
		<transform from="&apos;a" to="á"/>
		<transform from="&apos;A" to="Á"/>
		<transform from="&apos;c" to="ć"/>
		<transform from="&apos;C" to="Ć"/>
		<transform from="&apos;e" to="é"/>
		<transform from="&apos;E" to="É"/>
		<transform from="&apos;i" to="í"/>
		<transform from="&apos;I" to="Í"/>
		<transform from="&apos;l" to="ĺ"/>
		<transform from="&apos;L" to="Ĺ"/>
		<transform from="&apos;n" to="ń"/>
		<transform from="&apos;N" to="Ń"/>
		<transform from="&apos;o" to="ó"/>
		<transform from="&apos;O" to="Ó"/>
		<transform from="&apos;r" to="ŕ"/>
		<transform from="&apos;R" to="Ŕ"/>
		<transform from="&apos;s" to="ś"/>
		<transform from="&apos;S" to="Ś"/>
		<transform from="&apos;z" to="ź"/>
		<transform from="&apos;Z" to="Ź"/>
		<transform from="&apos;u" to="ú"/>
		<transform from="&apos;U" to="Ú"/>
		<transform from="&apos;y" to="ý"/>
		<transform from="&apos;Y" to="Ý"/>
		<transform from="¨ " to="¨"/>
		<transform from="¨a" to="ä"/>
		<transform from="¨A" to="Ä"/>
		<transform from="¨e" to="ė"/>
		<transform from="¨E" to="Ė"/>
		<transform from="¨i" to="ů"/>
		<transform from="¨I" to="Ů"/>
		<transform from="¨o" to="ö"/>
		<transform from="¨O" to="Ö"/>
		<transform from="¨z" to="ż"/>
		<transform from="¨Z" to="Ż"/>
		<transform from="¨u" to="ü"/>
		<transform from="¨U" to="Ü"/>
		<transform from="¨ö" to="ő"/>
		<transform from="¨Ö" to="Ő"/>
		<transform from="¨ü" to="ű"/>
		<transform from="¨Ü" to="Ű"/>
		<transform from="ˇ " to="ˇ"/>
		<transform from="ˇc" to="č"/>
		<transform from="ˇC" to="Č"/>
		<transform from="ˇd" to="ď"/>
		<transform from="ˇD" to="Ď"/>
		<transform from="ˇe" to="ě"/>
		<transform from="ˇE" to="Ě"/>
		<transform from="ˇl" to="ľ"/>
		<transform from="ˇL" to="Ľ"/>
		<transform from="ˇn" to="ň"/>
		<transform from="ˇN" to="Ň"/>
		<transform from="ˇo" to="ô"/>
		<transform from="ˇO" to="Ô"/>
		<transform from="ˇr" to="ř"/>
		<transform from="ˇR" to="Ř"/>
		<transform from="ˇs" to="š"/>
		<transform from="ˇS" to="Š"/>
		<transform from="ˇz" to="ž"/>
		<transform from="ˇZ" to="Ž"/>
		<transform from="ˇt" to="ť"/>
		<transform from="ˇT" to="Ť"/>
		<transform from="~ " to="~"/>
		<transform from="~a" to="ą"/>
		<transform from="~A" to="Ą"/>
		<transform from="~e" to="ę"/>
		<transform from="~E" to="Ę"/>
		<transform from="~i" to="į"/>
		<transform from="~I" to="Į"/>
		<transform from="~l" to="ł"/>
		<transform from="~L" to="Ł"/>
		<transform from="~o" to="õ"/>
		<transform from="~O" to="Õ"/>
		<transform from="~u" to="ų"/>
		<transform from="~U" to="Ų"/>
		<transform from="ę " to="ę"/>
		<transform from="ęa" to="á"/>
		<transform from="ęA" to="Á"/>
		<transform from="ęe" to="é"/>
		<transform from="ęE" to="É"/>
		<transform from="ęi" to="í"/>
		<transform from="ęI" to="Í"/>
		<transform from="ęo" to="ó"/>
		<transform from="ęO" to="Ó"/>
		<transform from="ęu" to="ú"/>
		<transform from="ęU" to="Ú"/>
	</transforms>
</keyboard>

