<?xml version="1.0" encoding="UTF-8" ?>
<!DOCTYPE keyboard SYSTEM "../dtd/ldmlKeyboard.dtd">
<keyboard locale="fr-t-k0-osx-qwerty">
	<version platform="10.9" number="$Revision$"/>
	<names>
		<name value="French-PC"/>
	</names>
	<keyMap>
		<map iso="E00" to="&lt;"/> <!-- ` -->
		<map iso="E01" to="&amp;"/> <!-- 1 -->
		<map iso="E02" to="é"/> <!-- 2 -->
		<map iso="E03" to="\u{22}"/> <!-- 3  to= "  -->
		<map iso="E04" to="&apos;"/> <!-- 4 -->
		<map iso="E05" to="("/> <!-- 5 -->
		<map iso="E06" to="-"/> <!-- 6 -->
		<map iso="E07" to="è"/> <!-- 7 -->
		<map iso="E08" to="_"/> <!-- 8 -->
		<map iso="E09" to="ç"/> <!-- 9 -->
		<map iso="E10" to="à"/> <!-- 0 -->
		<map iso="E11" to=")"/> <!-- - -->
		<map iso="E12" to="="/>
		<map iso="D01" to="a"/> <!-- Q -->
		<map iso="D02" to="z"/> <!-- W -->
		<map iso="D03" to="e"/>
		<map iso="D04" to="r"/>
		<map iso="D05" to="t"/>
		<map iso="D06" to="y"/>
		<map iso="D07" to="u"/>
		<map iso="D08" to="i"/>
		<map iso="D09" to="o"/>
		<map iso="D10" to="p"/>
		<map iso="D11" to="^"/> <!-- [ -->
		<map iso="D12" to="$"/> <!-- ] -->
		<map iso="D13" to="*"/> <!-- \ -->
		<map iso="C01" to="q"/> <!-- A -->
		<map iso="C02" to="s"/>
		<map iso="C03" to="d"/>
		<map iso="C04" to="f"/>
		<map iso="C05" to="g"/>
		<map iso="C06" to="h"/>
		<map iso="C07" to="j"/>
		<map iso="C08" to="k"/>
		<map iso="C09" to="l"/>
		<map iso="C10" to="m"/> <!-- ; -->
		<map iso="C11" to="ù"/> <!-- ' -->
		<map iso="B00" to="²"/> <!-- (key to left of Z) -->
		<map iso="B01" to="w"/> <!-- Z -->
		<map iso="B02" to="x"/>
		<map iso="B03" to="c"/>
		<map iso="B04" to="v"/>
		<map iso="B05" to="b"/>
		<map iso="B06" to="n"/>
		<map iso="B07" to=","/> <!-- M -->
		<map iso="B08" to=";"/> <!-- , -->
		<map iso="B09" to=":"/> <!-- . -->
		<map iso="B10" to="!"/> <!-- / -->
		<map iso="A03" to=" "/> <!-- space -->
	</keyMap>
	<keyMap modifiers="shift+caps? cmd+shiftL">
		<map iso="E00" to="&gt;"/> <!-- `  base=< -->
		<map iso="E01" to="1"/> <!--   base=& -->
		<map iso="E02" to="2"/> <!--   base=é -->
		<map iso="E03" to="3"/> <!--   base=" -->
		<map iso="E04" to="4"/> <!--   base=' -->
		<map iso="E05" to="5"/> <!--   base=( -->
		<map iso="E06" to="6"/> <!--   base=- -->
		<map iso="E07" to="7"/> <!--   base=è -->
		<map iso="E08" to="8"/> <!--   base=_ -->
		<map iso="E09" to="9"/> <!--   base=ç -->
		<map iso="E10" to="0"/> <!--   base=à -->
		<map iso="E11" to="°"/> <!-- -  base=) -->
		<map iso="E12" to="+"/> <!-- = -->
		<map iso="D01" to="A"/> <!-- Q -->
		<map iso="D02" to="Z"/> <!-- W -->
		<map iso="D03" to="E"/>
		<map iso="D04" to="R"/>
		<map iso="D05" to="T"/>
		<map iso="D06" to="Y"/>
		<map iso="D07" to="U"/>
		<map iso="D08" to="I"/>
		<map iso="D09" to="O"/>
		<map iso="D10" to="P"/>
		<map iso="D11" to="¨"/> <!-- [  base=^ -->
		<map iso="D12" to="£"/> <!-- ]  base=$ -->
		<map iso="D13" to="μ"/> <!-- \  base=* -->
		<map iso="C01" to="Q"/> <!-- A -->
		<map iso="C02" to="S"/>
		<map iso="C03" to="D"/>
		<map iso="C04" to="F"/>
		<map iso="C05" to="G"/>
		<map iso="C06" to="H"/>
		<map iso="C07" to="J"/>
		<map iso="C08" to="K"/>
		<map iso="C09" to="L"/>
		<map iso="C10" to="M"/> <!-- ; -->
		<map iso="C11" to="%"/> <!-- '  base=ù -->
		<map iso="B00" to="&gt;"/> <!-- (key to left of Z)  base=² -->
		<map iso="B01" to="W"/> <!-- Z -->
		<map iso="B02" to="X"/>
		<map iso="B03" to="C"/>
		<map iso="B04" to="V"/>
		<map iso="B05" to="B"/>
		<map iso="B06" to="N"/>
		<map iso="B07" to="?"/> <!-- M  base=, -->
		<map iso="B08" to="."/> <!-- ,  base=; -->
		<map iso="B09" to="/"/> <!-- .  base=: -->
		<map iso="B10" to="§"/> <!-- /  base=! -->
		<map iso="A03" to=" "/> <!-- space -->
	</keyMap>
	<keyMap modifiers="caps+cmd?">
		<map iso="E00" to="&lt;"/> <!-- ` -->
		<map iso="E01" to="&amp;"/> <!-- 1 -->
		<map iso="E02" to="É"/> <!-- 2 -->
		<map iso="E03" to="\u{22}"/> <!-- 3  to= "  -->
		<map iso="E04" to="&apos;"/> <!-- 4 -->
		<map iso="E05" to="("/> <!-- 5 -->
		<map iso="E06" to="-"/> <!-- 6 -->
		<map iso="E07" to="È"/> <!-- 7 -->
		<map iso="E08" to="_"/> <!-- 8 -->
		<map iso="E09" to="Ç"/> <!-- 9 -->
		<map iso="E10" to="À"/> <!-- 0 -->
		<map iso="E11" to=")"/> <!-- - -->
		<map iso="E12" to="="/>
		<map iso="D01" to="A"/> <!-- Q -->
		<map iso="D02" to="Z"/> <!-- W -->
		<map iso="D03" to="E"/>
		<map iso="D04" to="R"/>
		<map iso="D05" to="T"/>
		<map iso="D06" to="Y"/>
		<map iso="D07" to="U"/>
		<map iso="D08" to="I"/>
		<map iso="D09" to="O"/>
		<map iso="D10" to="P"/>
		<map iso="D11" to="^"/> <!-- [ -->
		<map iso="D12" to="$"/> <!-- ] -->
		<map iso="D13" to="*"/> <!-- \ -->
		<map iso="C01" to="Q"/> <!-- A -->
		<map iso="C02" to="S"/>
		<map iso="C03" to="D"/>
		<map iso="C04" to="F"/>
		<map iso="C05" to="G"/>
		<map iso="C06" to="H"/>
		<map iso="C07" to="J"/>
		<map iso="C08" to="K"/>
		<map iso="C09" to="L"/>
		<map iso="C10" to="M"/> <!-- ; -->
		<map iso="C11" to="Ù"/> <!-- ' -->
		<map iso="B00" to="²"/> <!-- (key to left of Z) -->
		<map iso="B01" to="W"/> <!-- Z -->
		<map iso="B02" to="X"/>
		<map iso="B03" to="C"/>
		<map iso="B04" to="V"/>
		<map iso="B05" to="B"/>
		<map iso="B06" to="N"/>
		<map iso="B07" to=","/> <!-- M -->
		<map iso="B08" to=";"/> <!-- , -->
		<map iso="B09" to=":"/> <!-- . -->
		<map iso="B10" to="!"/> <!-- / -->
		<map iso="A03" to=" "/> <!-- space -->
	</keyMap>
	<keyMap modifiers="opt">
		<map iso="E00" to="«"/> <!-- `  base=< -->
		<map iso="E01" to="»"/> <!-- 1  base=& -->
		<map iso="E02" to="~"/> <!-- 2  base=é -->
		<map iso="E03" to="#"/> <!-- 3  base=" -->
		<map iso="E04" to="{"/> <!-- 4  base=' -->
		<map iso="E05" to="["/> <!-- 5  base=( -->
		<map iso="E06" to="|"/> <!-- 6  base=- -->
		<map iso="E07" to="`"/> <!-- 7  base=è -->
		<map iso="E08" to="\"/> <!-- 8  base=_ -->
		<map iso="E09" to="^" transform="no"/> <!-- 9  base=ç -->
		<map iso="E10" to="@"/> <!-- 0  base=à -->
		<map iso="E11" to="]"/> <!-- -  base=) -->
		<map iso="E12" to="}"/> <!-- = -->
		<map iso="D01" to="´"/> <!-- Q  base=a -->
		<map iso="D02" to="Â"/> <!-- W  base=z -->
		<map iso="D03" to="€"/> <!-- E -->
		<map iso="D04" to="®"/> <!-- R -->
		<map iso="D05" to="†"/> <!-- T -->
		<map iso="D06" to="Ú"/> <!-- Y -->
		<map iso="D07" to="º"/> <!-- U -->
		<map iso="D08" to="î"/> <!-- I -->
		<map iso="D09" to="œ"/> <!-- O -->
		<map iso="D10" to="π"/> <!-- P -->
		<map iso="D11" to="ô"/> <!-- [  base=^ -->
		<map iso="D12" to="¤"/> <!-- ]  base=$ -->
		<map iso="D13" to="@"/> <!-- \  base=* -->
		<map iso="C01" to="´"/> <!-- A  base=q -->
		<map iso="C02" to="Ò"/> <!-- S -->
		<map iso="C03" to="∂"/> <!-- D -->
		<map iso="C04" to="ƒ"/> <!-- F -->
		<map iso="C05" to="ﬁ"/> <!-- G -->
		<map iso="C06" to="Ì"/> <!-- H -->
		<map iso="C07" to="Ï"/> <!-- J -->
		<map iso="C08" to="È"/> <!-- K -->
		<map iso="C09" to="¬"/> <!-- L -->
		<map iso="C10" to="µ"/> <!-- ;  base=m -->
		<map iso="C11" to="Ù"/> <!-- ' -->
		<map iso="B00" to="≤"/> <!-- (key to left of Z)  base=² -->
		<map iso="B01" to="‹"/> <!-- Z  base=w -->
		<map iso="B02" to="≈"/> <!-- X -->
		<map iso="B03" to="©"/> <!-- C -->
		<map iso="B04" to="◊"/> <!-- V -->
		<map iso="B05" to="ß"/> <!-- B -->
		<map iso="B06" to="~"/> <!-- N -->
		<map iso="B07" to="∞"/> <!-- M  base=, -->
		<map iso="B08" to="…"/> <!-- ,  base=; -->
		<map iso="B09" to="÷"/> <!-- .  base=: -->
		<map iso="B10" to="¡"/> <!-- /  base=! -->
		<map iso="A03" to="\u{A0}"/> <!-- space -->
	</keyMap>
	<keyMap modifiers="opt+shift+cmd?+caps?">
		<map iso="E00" to="≥"/> <!-- `  base=< -->
		<map iso="E01" to="´"/> <!-- 1  base=& -->
		<map iso="E02" to="„"/> <!-- 2  base=é -->
		<map iso="E03" to="”"/> <!-- 3  base=" -->
		<map iso="E04" to="’"/> <!-- 4  base=' -->
		<map iso="E05" to="["/> <!-- 5  base=( -->
		<map iso="E06" to="å"/> <!-- 6  base=- -->
		<map iso="E07" to="»"/> <!-- 7  base=è -->
		<map iso="E08" to="Û"/> <!-- 8  base=_ -->
		<map iso="E09" to="Ç"/> <!-- 9 -->
		<map iso="E10" to="À"/> <!-- 0 -->
		<map iso="E11" to="]"/> <!-- -  base=) -->
		<map iso="E12" to="≠"/> <!-- = -->
		<map iso="D01" to="Æ"/> <!-- Q  base=a -->
		<map iso="D02" to="Å"/> <!-- W  base=z -->
		<map iso="D03" to="Ê"/> <!-- E -->
		<map iso="D04" to="‚"/> <!-- R -->
		<map iso="D05" to="™"/> <!-- T -->
		<map iso="D06" to="Ÿ"/> <!-- Y -->
		<map iso="D07" to="ª"/> <!-- U -->
		<map iso="D08" to="ï"/> <!-- I -->
		<map iso="D09" to="Œ"/> <!-- O -->
		<map iso="D10" to="∏"/> <!-- P -->
		<map iso="D11" to="Ô"/> <!-- [  base=^ -->
		<map iso="D12" to="¥"/> <!-- ]  base=$ -->
		<map iso="D13" to="#"/> <!-- \  base=* -->
		<map iso="C01" to="Ω"/> <!-- A  base=q -->
		<map iso="C02" to="∑"/> <!-- S -->
		<map iso="C03" to="∆"/> <!-- D -->
		<map iso="C04" to="·"/> <!-- F -->
		<map iso="C05" to="ﬂ"/> <!-- G -->
		<map iso="C06" to="Î"/> <!-- H -->
		<map iso="C07" to="Í"/> <!-- J -->
		<map iso="C08" to="\u{F8FF}"/> <!-- K -->
		<map iso="C09" to="|"/> <!-- L -->
		<map iso="C10" to="Ó"/> <!-- ;  base=m -->
		<map iso="C11" to="‰"/> <!-- '  base=ù -->
		<map iso="B00" to="≥"/> <!-- (key to left of Z)  base=² -->
		<map iso="B01" to="›"/> <!-- Z  base=w -->
		<map iso="B02" to="⁄"/> <!-- X -->
		<map iso="B03" to="¢"/> <!-- C -->
		<map iso="B04" to="√"/> <!-- V -->
		<map iso="B05" to="∫"/> <!-- B -->
		<map iso="B06" to="ı"/> <!-- N -->
		<map iso="B07" to="¿"/> <!-- M  base=, -->
		<map iso="B08" to="•"/> <!-- ,  base=; -->
		<map iso="B09" to="\"/> <!-- .  base=: -->
		<map iso="B10" to="±"/> <!-- /  base=! -->
		<map iso="A03" to="\u{A0}"/> <!-- space -->
	</keyMap>
	<keyMap modifiers="opt+caps+cmd?">
		<map iso="E00" to="≤"/> <!-- `  base=< -->
		<map iso="E01" to="\u{F8FF}"/> <!-- 1  base=& -->
		<map iso="E02" to="ë"/> <!-- 2  base=é -->
		<map iso="E03" to="“"/> <!-- 3  base=" -->
		<map iso="E04" to="‘"/> <!-- 4  base=' -->
		<map iso="E05" to="{"/> <!-- 5  base=( -->
		<map iso="E06" to="¶"/> <!-- 6  base=- -->
		<map iso="E07" to="«"/> <!-- 7  base=è -->
		<map iso="E08" to="¡"/> <!-- 8  base=_ -->
		<map iso="E09" to="Ç"/> <!-- 9 -->
		<map iso="E10" to="ø"/> <!-- 0  base=à -->
		<map iso="E11" to="}"/> <!-- -  base=) -->
		<map iso="E12" to="—"/> <!-- = -->
		<map iso="D01" to="Æ"/> <!-- Q  base=a -->
		<map iso="D02" to="Å"/> <!-- W  base=z -->
		<map iso="D03" to="Ê"/> <!-- E -->
		<map iso="D04" to="®"/> <!-- R -->
		<map iso="D05" to="™"/> <!-- T -->
		<map iso="D06" to="Ÿ"/> <!-- Y -->
		<map iso="D07" to="ª"/> <!-- U -->
		<map iso="D08" to="ï"/> <!-- I -->
		<map iso="D09" to="Œ"/> <!-- O -->
		<map iso="D10" to="∏"/> <!-- P -->
		<map iso="D11" to="ô"/> <!-- [  base=^ -->
		<map iso="D12" to="€"/> <!-- ]  base=$ -->
		<map iso="D13" to="@"/> <!-- \  base=* -->
		<map iso="C01" to="Ω"/> <!-- A  base=q -->
		<map iso="C02" to="∑"/> <!-- S -->
		<map iso="C03" to="∆"/> <!-- D -->
		<map iso="C04" to="·"/> <!-- F -->
		<map iso="C05" to="ﬂ"/> <!-- G -->
		<map iso="C06" to="Î"/> <!-- H -->
		<map iso="C07" to="Í"/> <!-- J -->
		<map iso="C08" to="Ë"/> <!-- K -->
		<map iso="C09" to="|"/> <!-- L -->
		<map iso="C10" to="Ó"/> <!-- ;  base=m -->
		<map iso="C11" to="Ù"/> <!-- ' -->
		<map iso="B00" to="•"/> <!-- (key to left of Z)  base=² -->
		<map iso="B01" to="›"/> <!-- Z  base=w -->
		<map iso="B02" to="⁄"/> <!-- X -->
		<map iso="B03" to="¢"/> <!-- C -->
		<map iso="B04" to="√"/> <!-- V -->
		<map iso="B05" to="∫"/> <!-- B -->
		<map iso="B06" to="ı"/> <!-- N -->
		<map iso="B07" to="∞"/> <!-- M  base=, -->
		<map iso="B08" to="…"/> <!-- ,  base=; -->
		<map iso="B09" to="÷"/> <!-- .  base=: -->
		<map iso="B10" to="≠"/> <!-- /  base=! -->
		<map iso="A03" to="\u{A0}"/> <!-- space -->
	</keyMap>
	<keyMap modifiers="ctrl+opt?+caps?+shift? ctrl+cmd?+opt?+shift? ctrl+cmd?+opt?+caps? cmd+ctrlR+opt+caps+shift cmd+ctrlL+opt+caps+shift cmd+ctrl+caps+shift+optR? cmd+ctrl+caps+shift+optL? cmd+ctrl+opt+caps+shiftR? cmd+ctrl+opt+caps+shiftL?">
		<map iso="E00" to="&lt;"/> <!-- ` -->
		<map iso="E01" to="1"/> <!--   base=& -->
		<map iso="E02" to="2"/> <!--   base=é -->
		<map iso="E03" to="3"/> <!--   base=" -->
		<map iso="E04" to="4"/> <!--   base=' -->
		<map iso="E05" to="5"/> <!--   base=( -->
		<map iso="E06" to="6"/> <!--   base=- -->
		<map iso="E07" to="7"/> <!--   base=è -->
		<map iso="E08" to="8"/> <!--   base=_ -->
		<map iso="E09" to="9"/> <!--   base=ç -->
		<map iso="E11" to="\u{1B}"/> <!-- -  base=) -->
		<map iso="E12" to="\u{1F}"/> <!-- = -->
		<map iso="D01" to="\u{1}"/> <!-- Q  base=a -->
		<map iso="D02" to="\u{1A}"/> <!-- W  base=z -->
		<map iso="D03" to="\u{5}"/> <!-- E -->
		<map iso="D04" to="\u{12}"/> <!-- R -->
		<map iso="D05" to="\u{14}"/> <!-- T -->
		<map iso="D06" to="\u{19}"/> <!-- Y -->
		<map iso="D07" to="\u{15}"/> <!-- U -->
		<map iso="D08" to="\u{9}"/> <!-- I -->
		<map iso="D09" to="\u{F}"/> <!-- O -->
		<map iso="D10" to="\u{10}"/> <!-- P -->
		<map iso="D11" to="\u{1E}"/> <!-- [  base=^ -->
		<map iso="D12" to="\u{1D}"/> <!-- ]  base=$ -->
		<map iso="D13" to="\u{1C}"/> <!-- \  base=* -->
		<map iso="C01" to="\u{11}"/> <!-- A  base=q -->
		<map iso="C02" to="\u{13}"/> <!-- S -->
		<map iso="C03" to="\u{4}"/> <!-- D -->
		<map iso="C04" to="\u{6}"/> <!-- F -->
		<map iso="C05" to="\u{7}"/> <!-- G -->
		<map iso="C06" to="\u{8}"/> <!-- H -->
		<map iso="C07" to="\u{A}"/> <!-- J -->
		<map iso="C08" to="\u{B}"/> <!-- K -->
		<map iso="C09" to="\u{C}"/> <!-- L -->
		<map iso="C10" to="\u{D}"/> <!-- ;  base=m -->
		<map iso="C11" to="ù"/> <!-- ' -->
		<map iso="B00" to="0"/> <!-- (key to left of Z)  base=² -->
		<map iso="B01" to="\u{17}"/> <!-- Z  base=w -->
		<map iso="B02" to="\u{18}"/> <!-- X -->
		<map iso="B03" to="\u{3}"/> <!-- C -->
		<map iso="B04" to="\u{16}"/> <!-- V -->
		<map iso="B05" to="\u{2}"/> <!-- B -->
		<map iso="B06" to="\u{E}"/> <!-- N -->
		<map iso="B07" to=","/> <!-- M -->
		<map iso="B08" to=";"/> <!-- , -->
		<map iso="B09" to=":"/> <!-- . -->
		<map iso="B10" to="="/> <!-- /  base=! -->
		<map iso="A03" to=" "/> <!-- space -->
	</keyMap>
	<keyMap modifiers="cmd+opt">
		<map iso="E00" to="≤"/> <!-- `  base=< -->
		<map iso="E01" to="\u{F8FF}"/> <!-- 1  base=& -->
		<map iso="E02" to="ë"/> <!-- 2  base=é -->
		<map iso="E03" to="“"/> <!-- 3  base=" -->
		<map iso="E04" to="‘"/> <!-- 4  base=' -->
		<map iso="E05" to="{"/> <!-- 5  base=( -->
		<map iso="E06" to="¶"/> <!-- 6  base=- -->
		<map iso="E07" to="«"/> <!-- 7  base=è -->
		<map iso="E08" to="¡"/> <!-- 8  base=_ -->
		<map iso="E09" to="Ç"/> <!-- 9 -->
		<map iso="E10" to="ø"/> <!-- 0  base=à -->
		<map iso="E11" to="}"/> <!-- -  base=) -->
		<map iso="E12" to="—"/> <!-- = -->
		<map iso="D01" to="æ"/> <!-- Q  base=a -->
		<map iso="D02" to="Â"/> <!-- W  base=z -->
		<map iso="D03" to="ê"/> <!-- E -->
		<map iso="D04" to="®"/> <!-- R -->
		<map iso="D05" to="†"/> <!-- T -->
		<map iso="D06" to="Ú"/> <!-- Y -->
		<map iso="D07" to="º"/> <!-- U -->
		<map iso="D08" to="î"/> <!-- I -->
		<map iso="D09" to="œ"/> <!-- O -->
		<map iso="D10" to="π"/> <!-- P -->
		<map iso="D11" to="ô"/> <!-- [  base=^ -->
		<map iso="D12" to="€"/> <!-- ]  base=$ -->
		<map iso="D13" to="@"/> <!-- \  base=* -->
		<map iso="C01" to="‡"/> <!-- A  base=q -->
		<map iso="C02" to="Ò"/> <!-- S -->
		<map iso="C03" to="∂"/> <!-- D -->
		<map iso="C04" to="ƒ"/> <!-- F -->
		<map iso="C05" to="ﬁ"/> <!-- G -->
		<map iso="C06" to="Ì"/> <!-- H -->
		<map iso="C07" to="Ï"/> <!-- J -->
		<map iso="C08" to="È"/> <!-- K -->
		<map iso="C09" to="¬"/> <!-- L -->
		<map iso="C10" to="µ"/> <!-- ;  base=m -->
		<map iso="C11" to="Ù"/> <!-- ' -->
		<map iso="B00" to="•"/> <!-- (key to left of Z)  base=² -->
		<map iso="B01" to="‹"/> <!-- Z  base=w -->
		<map iso="B02" to="≈"/> <!-- X -->
		<map iso="B03" to="©"/> <!-- C -->
		<map iso="B04" to="◊"/> <!-- V -->
		<map iso="B05" to="ß"/> <!-- B -->
		<map iso="B06" to="~" transform="no"/> <!-- N -->
		<map iso="B07" to="∞"/> <!-- M  base=, -->
		<map iso="B08" to="…"/> <!-- ,  base=; -->
		<map iso="B09" to="÷"/> <!-- .  base=: -->
		<map iso="B10" to="≠"/> <!-- /  base=! -->
		<map iso="A03" to="\u{A0}"/> <!-- space -->
	</keyMap>
	<transforms type="simple">
		<transform from="` " to="`"/>
		<transform from="`a" to="à"/>
		<transform from="`A" to="À"/>
		<transform from="`e" to="è"/>
		<transform from="`E" to="È"/>
		<transform from="`i" to="ì"/>
		<transform from="`I" to="Ì"/>
		<transform from="`o" to="ò"/>
		<transform from="`O" to="Ò"/>
		<transform from="`u" to="ù"/>
		<transform from="`U" to="Ù"/>
		<transform from="´ " to="´"/>
		<transform from="´a" to="á"/>
		<transform from="´A" to="Á"/>
		<transform from="´e" to="é"/>
		<transform from="´E" to="É"/>
		<transform from="´i" to="í"/>
		<transform from="´I" to="Í"/>
		<transform from="´o" to="ó"/>
		<transform from="´O" to="Ó"/>
		<transform from="´u" to="ú"/>
		<transform from="´U" to="Ú"/>
		<transform from="^ " to="^"/>
		<transform from="^a" to="â"/>
		<transform from="^A" to="Â"/>
		<transform from="^e" to="ê"/>
		<transform from="^E" to="Ê"/>
		<transform from="^i" to="î"/>
		<transform from="^I" to="Î"/>
		<transform from="^o" to="ô"/>
		<transform from="^O" to="Ô"/>
		<transform from="^u" to="û"/>
		<transform from="^U" to="Û"/>
		<transform from="¨ " to="¨"/>
		<transform from="¨a" to="ä"/>
		<transform from="¨A" to="Ä"/>
		<transform from="¨e" to="ë"/>
		<transform from="¨E" to="Ë"/>
		<transform from="¨i" to="ï"/>
		<transform from="¨I" to="Ï"/>
		<transform from="¨o" to="ö"/>
		<transform from="¨O" to="Ö"/>
		<transform from="¨u" to="ü"/>
		<transform from="¨U" to="Ü"/>
		<transform from="¨y" to="ÿ"/>
		<transform from="¨Y" to="Ÿ"/>
		<transform from="~ " to="~"/>
		<transform from="~a" to="ã"/>
		<transform from="~A" to="Ã"/>
		<transform from="~n" to="ñ"/>
		<transform from="~N" to="Ñ"/>
		<transform from="~o" to="õ"/>
		<transform from="~O" to="Õ"/>
	</transforms>
</keyboard>

