<?xml version="1.0" encoding="UTF-8" ?>
<!DOCTYPE keyboard SYSTEM "../dtd/ldmlKeyboard.dtd">
<keyboard locale="gu-t-k0-osx-qwerty">
	<version platform="10.9" number="$Revision$"/>
	<names>
		<name value="Gujarati-QWERTY"/>
	</names>
	<keyMap>
		<map iso="E01" to="૧"/> <!-- 1 -->
		<map iso="E02" to="૨"/> <!-- 2 -->
		<map iso="E03" to="૩"/> <!-- 3 -->
		<map iso="E04" to="૪"/> <!-- 4 -->
		<map iso="E05" to="૫"/> <!-- 5 -->
		<map iso="E06" to="૬"/> <!-- 6 -->
		<map iso="E07" to="૭"/> <!-- 7 -->
		<map iso="E08" to="૮"/> <!-- 8 -->
		<map iso="E09" to="૯"/> <!-- 9 -->
		<map iso="E10" to="૦"/> <!-- 0 -->
		<map iso="E11" to="-"/>
		<map iso="E12" to="="/>
		<map iso="D01" to="\u{AC5}"/> <!-- Q  to= ૅ  -->
		<map iso="D02" to="અ"/> <!-- W -->
		<map iso="D03" to="\u{AC7}"/> <!-- E  to= ે  -->
		<map iso="D04" to="ર"/> <!-- R -->
		<map iso="D05" to="ત"/> <!-- T -->
		<map iso="D06" to="ય"/> <!-- Y -->
		<map iso="D07" to="\u{AC1}"/> <!-- U  to= ુ  -->
		<map iso="D08" to="\u{ABF}"/> <!-- I  to= િ  -->
		<map iso="D09" to="\u{ACB}"/> <!-- O  to= ો  -->
		<map iso="D10" to="પ"/> <!-- P -->
		<map iso="C01" to="\u{ABE}"/> <!-- A  to= ા  -->
		<map iso="C02" to="સ"/> <!-- S -->
		<map iso="C03" to="દ"/> <!-- D -->
		<map iso="C04" to="\u{ACD}"/> <!-- F  to= ્  -->
		<map iso="C05" to="ગ"/> <!-- G -->
		<map iso="C06" to="હ"/> <!-- H -->
		<map iso="C07" to="જ"/> <!-- J -->
		<map iso="C08" to="ક"/> <!-- K -->
		<map iso="C09" to="લ"/> <!-- L -->
		<map iso="C10" to=";"/>
		<map iso="C11" to="&apos;"/>
		<map iso="B01" to="ઙ"/> <!-- Z -->
		<map iso="B02" to="ષ"/> <!-- X -->
		<map iso="B03" to="ચ"/> <!-- C -->
		<map iso="B04" to="વ"/> <!-- V -->
		<map iso="B05" to="બ"/> <!-- B -->
		<map iso="B06" to="ન"/> <!-- N -->
		<map iso="B07" to="મ"/> <!-- M -->
		<map iso="B08" to=","/>
		<map iso="B09" to="."/>
		<map iso="B10" to="/"/>
		<map iso="A03" to=" "/> <!-- space -->
	</keyMap>
	<keyMap modifiers="shift">
		<map iso="E01" to="!"/> <!-- 1  base=૧ -->
		<map iso="E02" to="@"/> <!-- 2  base=૨ -->
		<map iso="E03" to="#"/> <!-- 3  base=૩ -->
		<map iso="E04" to="$"/> <!-- 4  base=૪ -->
		<map iso="E05" to="%"/> <!-- 5  base=૫ -->
		<map iso="E06" to="^"/> <!-- 6  base=૬ -->
		<map iso="E07" to="&amp;"/> <!-- 7  base=૭ -->
		<map iso="E08" to="*"/> <!-- 8  base=૮ -->
		<map iso="E09" to="("/> <!-- 9  base=૯ -->
		<map iso="E10" to=")"/> <!-- 0  base=૦ -->
		<map iso="E11" to="_"/> <!-- - -->
		<map iso="E12" to="+"/> <!-- = -->
		<map iso="D01" to="\u{AC9}"/> <!-- Q  base=ૅ  to= ૉ  -->
		<map iso="D02" to="આ"/> <!-- W  base=અ -->
		<map iso="D03" to="\u{AC8}"/> <!-- E  base=ે  to= ૈ  -->
		<map iso="D04" to="\u{AC3}"/> <!-- R  base=ર  to= ૃ  -->
		<map iso="D05" to="થ"/> <!-- T  base=ત -->
		<map iso="D07" to="\u{AC2}"/> <!-- U  base=ુ  to= ૂ  -->
		<map iso="D08" to="\u{AC0}"/> <!-- I  base=િ  to= ી  -->
		<map iso="D09" to="\u{ACC}"/> <!-- O  base=ો  to= ૌ  -->
		<map iso="D10" to="ફ"/> <!-- P  base=પ -->
		<map iso="D11" to="["/>
		<map iso="D12" to="]"/>
		<map iso="C01" to="\u{ABE}"/> <!-- A  to= ા  -->
		<map iso="C02" to="શ"/> <!-- S  base=સ -->
		<map iso="C03" to="ધ"/> <!-- D  base=દ -->
		<map iso="C04" to="\u{ABC}"/> <!-- F  base=્  to= ઼  -->
		<map iso="C05" to="ઘ"/> <!-- G  base=ગ -->
		<map iso="C06" to="\u{A83}"/> <!-- H  base=હ  to= ઃ  -->
		<map iso="C07" to="ઝ"/> <!-- J  base=જ -->
		<map iso="C08" to="ખ"/> <!-- K  base=ક -->
		<map iso="C09" to="ળ"/> <!-- L  base=લ -->
		<map iso="C10" to=":"/> <!-- ; -->
		<map iso="C11" to="\u{22}"/> <!-- '  to= "  -->
		<map iso="B01" to="\u{A81}"/> <!-- Z  base=ઙ  to= ઁ  -->
		<map iso="B02" to="ક\u{ACD}ષ"/> <!-- X  base=ષ  to= ક્ષ  -->
		<map iso="B03" to="છ"/> <!-- C  base=ચ -->
		<map iso="B05" to="ભ"/> <!-- B  base=બ -->
		<map iso="B06" to="ણ"/> <!-- N  base=ન -->
		<map iso="B07" to="\u{A82}"/> <!-- M  base=મ  to= ં  -->
		<map iso="B08" to="&lt;"/> <!-- , -->
		<map iso="B09" to="&gt;"/> <!-- . -->
		<map iso="B10" to="?"/> <!-- / -->
		<map iso="A03" to=" "/> <!-- space -->
	</keyMap>
	<keyMap modifiers="caps cmd+opt?+caps?+shift?">
		<map iso="E00" to="`"/>
		<map iso="E01" to="1"/> <!--   base=૧ -->
		<map iso="E02" to="2"/> <!--   base=૨ -->
		<map iso="E03" to="3"/> <!--   base=૩ -->
		<map iso="E04" to="4"/> <!--   base=૪ -->
		<map iso="E05" to="5"/> <!--   base=૫ -->
		<map iso="E06" to="6"/> <!--   base=૬ -->
		<map iso="E07" to="7"/> <!--   base=૭ -->
		<map iso="E08" to="8"/> <!--   base=૮ -->
		<map iso="E09" to="9"/> <!--   base=૯ -->
		<map iso="E10" to="0"/> <!--   base=૦ -->
		<map iso="E11" to="-"/>
		<map iso="E12" to="="/>
		<map iso="D01" to="q"/> <!--   base=ૅ -->
		<map iso="D02" to="w"/> <!--   base=અ -->
		<map iso="D03" to="e"/> <!--   base=ે -->
		<map iso="D04" to="r"/> <!--   base=ર -->
		<map iso="D05" to="t"/> <!--   base=ત -->
		<map iso="D06" to="y"/> <!--   base=ય -->
		<map iso="D07" to="u"/> <!--   base=ુ -->
		<map iso="D08" to="i"/> <!--   base=િ -->
		<map iso="D09" to="o"/> <!--   base=ો -->
		<map iso="D10" to="p"/> <!--   base=પ -->
		<map iso="D11" to="["/>
		<map iso="D12" to="]"/>
		<map iso="D13" to="\"/>
		<map iso="C01" to="a"/> <!--   base=ા -->
		<map iso="C02" to="s"/> <!--   base=સ -->
		<map iso="C03" to="d"/> <!--   base=દ -->
		<map iso="C04" to="f"/> <!--   base=્ -->
		<map iso="C05" to="g"/> <!--   base=ગ -->
		<map iso="C06" to="h"/> <!--   base=હ -->
		<map iso="C07" to="j"/> <!--   base=જ -->
		<map iso="C08" to="k"/> <!--   base=ક -->
		<map iso="C09" to="l"/> <!--   base=લ -->
		<map iso="C10" to=";"/>
		<map iso="C11" to="&apos;"/>
		<map iso="B01" to="z"/> <!--   base=ઙ -->
		<map iso="B02" to="x"/> <!--   base=ષ -->
		<map iso="B03" to="c"/> <!--   base=ચ -->
		<map iso="B04" to="v"/> <!--   base=વ -->
		<map iso="B05" to="b"/> <!--   base=બ -->
		<map iso="B06" to="n"/> <!--   base=ન -->
		<map iso="B07" to="m"/> <!--   base=મ -->
		<map iso="B08" to=","/>
		<map iso="B09" to="."/>
		<map iso="B10" to="/"/>
		<map iso="A03" to=" "/> <!-- space -->
	</keyMap>
	<keyMap modifiers="caps+shift">
		<map iso="E00" to="~"/> <!-- ` -->
		<map iso="E01" to="!"/> <!-- 1  base=૧ -->
		<map iso="E02" to="@"/> <!-- 2  base=૨ -->
		<map iso="E03" to="#"/> <!-- 3  base=૩ -->
		<map iso="E04" to="$"/> <!-- 4  base=૪ -->
		<map iso="E05" to="%"/> <!-- 5  base=૫ -->
		<map iso="E06" to="^"/> <!-- 6  base=૬ -->
		<map iso="E07" to="&amp;"/> <!-- 7  base=૭ -->
		<map iso="E08" to="*"/> <!-- 8  base=૮ -->
		<map iso="E09" to="("/> <!-- 9  base=૯ -->
		<map iso="E10" to=")"/> <!-- 0  base=૦ -->
		<map iso="E11" to="_"/> <!-- - -->
		<map iso="E12" to="+"/> <!-- = -->
		<map iso="D01" to="Q"/> <!--   base=ૅ -->
		<map iso="D02" to="W"/> <!--   base=અ -->
		<map iso="D03" to="E"/> <!--   base=ે -->
		<map iso="D04" to="R"/> <!--   base=ર -->
		<map iso="D05" to="T"/> <!--   base=ત -->
		<map iso="D06" to="Y"/> <!--   base=ય -->
		<map iso="D07" to="U"/> <!--   base=ુ -->
		<map iso="D08" to="I"/> <!--   base=િ -->
		<map iso="D09" to="O"/> <!--   base=ો -->
		<map iso="D10" to="P"/> <!--   base=પ -->
		<map iso="D11" to="{"/> <!-- [ -->
		<map iso="D12" to="}"/> <!-- ] -->
		<map iso="D13" to="|"/> <!-- \ -->
		<map iso="C01" to="A"/> <!--   base=ા -->
		<map iso="C02" to="S"/> <!--   base=સ -->
		<map iso="C03" to="D"/> <!--   base=દ -->
		<map iso="C04" to="F"/> <!--   base=્ -->
		<map iso="C05" to="G"/> <!--   base=ગ -->
		<map iso="C06" to="H"/> <!--   base=હ -->
		<map iso="C07" to="J"/> <!--   base=જ -->
		<map iso="C08" to="K"/> <!--   base=ક -->
		<map iso="C09" to="L"/> <!--   base=લ -->
		<map iso="C10" to=":"/> <!-- ; -->
		<map iso="C11" to="\u{22}"/> <!-- '  to= "  -->
		<map iso="B01" to="Z"/> <!--   base=ઙ -->
		<map iso="B02" to="X"/> <!--   base=ષ -->
		<map iso="B03" to="C"/> <!--   base=ચ -->
		<map iso="B04" to="V"/> <!--   base=વ -->
		<map iso="B05" to="B"/> <!--   base=બ -->
		<map iso="B06" to="N"/> <!--   base=ન -->
		<map iso="B07" to="M"/> <!--   base=મ -->
		<map iso="B08" to="&lt;"/> <!-- , -->
		<map iso="B09" to="&gt;"/> <!-- . -->
		<map iso="B10" to="?"/> <!-- / -->
		<map iso="A03" to=" "/> <!-- space -->
	</keyMap>
	<keyMap modifiers="opt+caps?">
		<map iso="E00" to="`"/>
		<map iso="E01" to="1"/> <!--   base=૧ -->
		<map iso="E02" to="2"/> <!--   base=૨ -->
		<map iso="E03" to="3"/> <!--   base=૩ -->
		<map iso="E04" to="4"/> <!--   base=૪ -->
		<map iso="E05" to="5"/> <!--   base=૫ -->
		<map iso="E06" to="6"/> <!--   base=૬ -->
		<map iso="E07" to="7"/> <!--   base=૭ -->
		<map iso="E08" to="8"/> <!--   base=૮ -->
		<map iso="E09" to="9"/> <!--   base=૯ -->
		<map iso="E10" to="0"/> <!--   base=૦ -->
		<map iso="E11" to="-"/>
		<map iso="E12" to="="/>
		<map iso="D01" to="ઍ"/> <!-- Q  base=ૅ -->
		<map iso="D03" to="એ"/> <!-- E  base=ે -->
		<map iso="D04" to="ઋ"/> <!-- R  base=ર -->
		<map iso="D05" to="ટ"/> <!-- T  base=ત -->
		<map iso="D07" to="ઉ"/> <!-- U  base=ુ -->
		<map iso="D08" to="ઇ"/> <!-- I  base=િ -->
		<map iso="D09" to="ઓ"/> <!-- O  base=ો -->
		<map iso="D11" to="["/>
		<map iso="D12" to="]"/>
		<map iso="D13" to="\"/>
		<map iso="C01" to="અ"/> <!-- A  base=ા -->
		<map iso="C02" to="શ\u{ACD}ર"/> <!-- S  base=સ  to= શ્ર  -->
		<map iso="C03" to="ડ"/> <!-- D  base=દ -->
		<map iso="C07" to="જ\u{ACD}ઞ"/> <!-- J  base=જ  to= જ્ઞ  -->
		<map iso="C10" to=";"/>
		<map iso="C11" to="&apos;"/>
		<map iso="B06" to="ઞ"/> <!-- N  base=ન -->
		<map iso="B07" to="\u{A81}"/> <!-- M  base=મ  to= ઁ  -->
		<map iso="B09" to="।"/> <!-- . -->
		<map iso="A03" to=" "/> <!-- space -->
	</keyMap>
	<keyMap modifiers="opt+shift+caps?">
		<map iso="E00" to="~"/> <!-- ` -->
		<map iso="E01" to="…"/> <!-- 1  base=૧ -->
		<map iso="E02" to="©"/> <!-- 2  base=૨ -->
		<map iso="E03" to="®"/> <!-- 3  base=૩ -->
		<map iso="E04" to="™"/> <!-- 4  base=૪ -->
		<map iso="E05" to="’"/> <!-- 5  base=૫ -->
		<map iso="E06" to="‘"/> <!-- 6  base=૬ -->
		<map iso="E07" to="–"/> <!-- 7  base=૭ -->
		<map iso="E08" to="•"/> <!-- 8  base=૮ -->
		<map iso="E09" to="—"/> <!-- 9  base=૯ -->
		<map iso="E10" to="×"/> <!-- 0  base=૦ -->
		<map iso="E11" to="−"/> <!-- - -->
		<map iso="E12" to="+"/> <!-- = -->
		<map iso="D01" to="ઑ"/> <!-- Q  base=ૅ -->
		<map iso="D03" to="ઐ"/> <!-- E  base=ે -->
		<map iso="D05" to="ઠ"/> <!-- T  base=ત -->
		<map iso="D07" to="ઊ"/> <!-- U  base=ુ -->
		<map iso="D08" to="ઈ"/> <!-- I  base=િ -->
		<map iso="D09" to="ઔ"/> <!-- O  base=ો -->
		<map iso="D11" to="{"/> <!-- [ -->
		<map iso="D12" to="}"/> <!-- ] -->
		<map iso="D13" to="|"/> <!-- \ -->
		<map iso="C01" to="આ"/> <!-- A  base=ા -->
		<map iso="C02" to="ષ"/> <!-- S  base=સ -->
		<map iso="C03" to="ઢ"/> <!-- D  base=દ -->
		<map iso="C10" to=":"/> <!-- ; -->
		<map iso="C11" to="\u{22}"/> <!-- '  to= "  -->
		<map iso="B09" to="॥"/> <!-- . -->
		<map iso="A03" to=" "/> <!-- space -->
	</keyMap>
	<keyMap modifiers="ctrlL+cmd?+opt?+caps? ctrlL+shift+cmd?+optL?+caps? ctrlL+opt+cmd?+caps?+shiftL?">
		<map iso="E00" to="`"/>
		<map iso="E01" to="1"/> <!--   base=૧ -->
		<map iso="E02" to="2"/> <!--   base=૨ -->
		<map iso="E03" to="3"/> <!--   base=૩ -->
		<map iso="E04" to="4"/> <!--   base=૪ -->
		<map iso="E05" to="5"/> <!--   base=૫ -->
		<map iso="E06" to="6"/> <!--   base=૬ -->
		<map iso="E07" to="7"/> <!--   base=૭ -->
		<map iso="E08" to="8"/> <!--   base=૮ -->
		<map iso="E09" to="9"/> <!--   base=૯ -->
		<map iso="E10" to="0"/> <!--   base=૦ -->
		<map iso="E11" to="\u{1F}"/> <!-- - -->
		<map iso="E12" to="="/>
		<map iso="D01" to="\u{11}"/> <!-- Q  base=ૅ -->
		<map iso="D02" to="\u{17}"/> <!-- W  base=અ -->
		<map iso="D03" to="\u{5}"/> <!-- E  base=ે -->
		<map iso="D04" to="\u{12}"/> <!-- R  base=ર -->
		<map iso="D05" to="\u{14}"/> <!-- T  base=ત -->
		<map iso="D06" to="\u{19}"/> <!-- Y  base=ય -->
		<map iso="D07" to="\u{15}"/> <!-- U  base=ુ -->
		<map iso="D08" to="\u{9}"/> <!-- I  base=િ -->
		<map iso="D09" to="\u{F}"/> <!-- O  base=ો -->
		<map iso="D10" to="\u{10}"/> <!-- P  base=પ -->
		<map iso="D11" to="\u{1B}"/> <!-- [ -->
		<map iso="D12" to="\u{1D}"/> <!-- ] -->
		<map iso="D13" to="\u{1C}"/> <!-- \ -->
		<map iso="C01" to="\u{1}"/> <!-- A  base=ા -->
		<map iso="C02" to="\u{13}"/> <!-- S  base=સ -->
		<map iso="C03" to="\u{4}"/> <!-- D  base=દ -->
		<map iso="C04" to="\u{6}"/> <!-- F  base=્ -->
		<map iso="C05" to="\u{7}"/> <!-- G  base=ગ -->
		<map iso="C06" to="\u{8}"/> <!-- H  base=હ -->
		<map iso="C07" to="\u{A}"/> <!-- J  base=જ -->
		<map iso="C08" to="\u{B}"/> <!-- K  base=ક -->
		<map iso="C09" to="\u{C}"/> <!-- L  base=લ -->
		<map iso="C10" to=";"/>
		<map iso="C11" to="&apos;"/>
		<map iso="B00" to="0"/> <!-- (key to left of Z) -->
		<map iso="B01" to="\u{1A}"/> <!-- Z  base=ઙ -->
		<map iso="B02" to="\u{18}"/> <!-- X  base=ષ -->
		<map iso="B03" to="\u{3}"/> <!-- C  base=ચ -->
		<map iso="B04" to="\u{16}"/> <!-- V  base=વ -->
		<map iso="B05" to="\u{2}"/> <!-- B  base=બ -->
		<map iso="B06" to="\u{E}"/> <!-- N  base=ન -->
		<map iso="B07" to="\u{D}"/> <!-- M  base=મ -->
		<map iso="B08" to=","/>
		<map iso="B09" to="."/>
		<map iso="B10" to="/"/>
		<map iso="A03" to=" "/> <!-- space -->
	</keyMap>
	<transforms type="simple">
		<transform from="\u{ACD}\u{ABC}" to="\u{ACD}\u{200D}"/> <!--  ઼્ → ્‍ -->
		<transform from="\u{ACD}\u{ACD}" to="\u{ACD}\u{200C}"/> <!--  ્્ → ્‌ -->
	</transforms>
</keyboard>

