<?xml version="1.0" encoding="UTF-8" ?>
<!DOCTYPE keyboard SYSTEM "../dtd/ldmlKeyboard.dtd">
<keyboard locale="he-t-k0-osx">
	<version platform="10.9" number="$Revision$"/>
	<names>
		<name value="Hebrew"/>
	</names>
	<keyMap>
		<map iso="E00" to=";"/> <!-- ` -->
		<map iso="E01" to="1"/>
		<map iso="E02" to="2"/>
		<map iso="E03" to="3"/>
		<map iso="E04" to="4"/>
		<map iso="E05" to="5"/>
		<map iso="E06" to="6"/>
		<map iso="E07" to="7"/>
		<map iso="E08" to="8"/>
		<map iso="E09" to="9"/>
		<map iso="E10" to="0"/>
		<map iso="E11" to="-"/>
		<map iso="E12" to="="/>
		<map iso="D01" to="/"/> <!-- Q -->
		<map iso="D02" to="׳"/> <!-- W -->
		<map iso="D03" to="ק"/> <!-- E -->
		<map iso="D04" to="ר"/> <!-- R -->
		<map iso="D05" to="א"/> <!-- T -->
		<map iso="D06" to="ט"/> <!-- Y -->
		<map iso="D07" to="ו"/> <!-- U -->
		<map iso="D08" to="ן"/> <!-- I -->
		<map iso="D09" to="ם"/> <!-- O -->
		<map iso="D10" to="פ"/> <!-- P -->
		<map iso="D11" to="]"/> <!-- [ -->
		<map iso="D12" to="["/> <!-- ] -->
		<map iso="D13" to="\u{5BF}"/> <!-- \  to= ֿ  -->
		<map iso="C01" to="ש"/> <!-- A -->
		<map iso="C02" to="ד"/> <!-- S -->
		<map iso="C03" to="ג"/> <!-- D -->
		<map iso="C04" to="כ"/> <!-- F -->
		<map iso="C05" to="ע"/> <!-- G -->
		<map iso="C06" to="י"/> <!-- H -->
		<map iso="C07" to="ח"/> <!-- J -->
		<map iso="C08" to="ל"/> <!-- K -->
		<map iso="C09" to="ך"/> <!-- L -->
		<map iso="C10" to="ף"/> <!-- ; -->
		<map iso="C11" to=","/> <!-- ' -->
		<map iso="B00" to="\u{3}"/> <!-- (key to left of Z) -->
		<map iso="B01" to="ז"/> <!-- Z -->
		<map iso="B02" to="ס"/> <!-- X -->
		<map iso="B03" to="ב"/> <!-- C -->
		<map iso="B04" to="ה"/> <!-- V -->
		<map iso="B05" to="נ"/> <!-- B -->
		<map iso="B06" to="מ"/> <!-- N -->
		<map iso="B07" to="צ"/> <!-- M -->
		<map iso="B08" to="ת"/> <!-- , -->
		<map iso="B09" to="ץ"/> <!-- . -->
		<map iso="B10" to="."/> <!-- / -->
		<map iso="A03" to=" "/> <!-- space -->
	</keyMap>
	<keyMap modifiers="shift">
		<map iso="E00" to="~"/> <!-- `  base=; -->
		<map iso="E01" to="!"/> <!-- 1 -->
		<map iso="E02" to="@"/> <!-- 2 -->
		<map iso="E03" to="#"/> <!-- 3 -->
		<map iso="E04" to="$"/> <!-- 4 -->
		<map iso="E05" to="%"/> <!-- 5 -->
		<map iso="E06" to="^"/> <!-- 6 -->
		<map iso="E07" to="₪"/> <!-- 7 -->
		<map iso="E08" to="*"/> <!-- 8 -->
		<map iso="E09" to=")"/> <!-- 9 -->
		<map iso="E10" to="("/> <!-- 0 -->
		<map iso="E11" to="_"/> <!-- - -->
		<map iso="E12" to="+"/> <!-- = -->
		<map iso="D07" to="ו\u{5B9}"/> <!-- U  base=ו  to= וֹ  -->
		<map iso="D11" to="}"/> <!-- [  base=] -->
		<map iso="D12" to="{"/> <!-- ]  base=[ -->
		<map iso="D13" to="|"/> <!-- \  base=ֿ -->
		<map iso="C01" to="ש\u{5C1}"/> <!-- A  base=ש  to= שׁ  -->
		<map iso="C03" to="„"/> <!-- D  base=ג -->
		<map iso="C08" to="ל\u{5B9}"/> <!-- K  base=ל  to= לֹ  -->
		<map iso="C10" to=":"/> <!-- ;  base=ף -->
		<map iso="C11" to="״"/> <!-- '  base=, -->
		<map iso="B03" to="ל\u{5B9}"/> <!-- C  base=ב  to= לֹ  -->
		<map iso="B08" to="&gt;"/> <!-- ,  base=ת -->
		<map iso="B09" to="&lt;"/> <!-- .  base=ץ -->
		<map iso="B10" to="?"/> <!-- /  base=. -->
		<map iso="A03" to=" "/> <!-- space -->
	</keyMap>
	<keyMap modifiers="cmd+caps? cmd+opt+caps?">
		<map iso="E00" to="`"/> <!--   base=; -->
		<map iso="E01" to="1"/>
		<map iso="E02" to="2"/>
		<map iso="E03" to="3"/>
		<map iso="E04" to="4"/>
		<map iso="E05" to="5"/>
		<map iso="E06" to="6"/>
		<map iso="E07" to="7"/>
		<map iso="E08" to="8"/>
		<map iso="E09" to="9"/>
		<map iso="E10" to="0"/>
		<map iso="E11" to="-"/>
		<map iso="E12" to="="/>
		<map iso="D01" to="q"/> <!--   base=/ -->
		<map iso="D02" to="w"/> <!--   base=׳ -->
		<map iso="D03" to="e"/> <!--   base=ק -->
		<map iso="D04" to="r"/> <!--   base=ר -->
		<map iso="D05" to="t"/> <!--   base=א -->
		<map iso="D06" to="y"/> <!--   base=ט -->
		<map iso="D07" to="u"/> <!--   base=ו -->
		<map iso="D08" to="i"/> <!--   base=ן -->
		<map iso="D09" to="o"/> <!--   base=ם -->
		<map iso="D10" to="p"/> <!--   base=פ -->
		<map iso="D11" to="["/> <!--   base=] -->
		<map iso="D12" to="]"/> <!--   base=[ -->
		<map iso="D13" to="\"/> <!--   base=ֿ -->
		<map iso="C01" to="a"/> <!--   base=ש -->
		<map iso="C02" to="s"/> <!--   base=ד -->
		<map iso="C03" to="d"/> <!--   base=ג -->
		<map iso="C04" to="f"/> <!--   base=כ -->
		<map iso="C05" to="g"/> <!--   base=ע -->
		<map iso="C06" to="h"/> <!--   base=י -->
		<map iso="C07" to="j"/> <!--   base=ח -->
		<map iso="C08" to="k"/> <!--   base=ל -->
		<map iso="C09" to="l"/> <!--   base=ך -->
		<map iso="C10" to=";"/> <!--   base=ף -->
		<map iso="C11" to="&apos;"/> <!--   base=, -->
		<map iso="B01" to="z"/> <!--   base=ז -->
		<map iso="B02" to="x"/> <!--   base=ס -->
		<map iso="B03" to="c"/> <!--   base=ב -->
		<map iso="B04" to="v"/> <!--   base=ה -->
		<map iso="B05" to="b"/> <!--   base=נ -->
		<map iso="B06" to="n"/> <!--   base=מ -->
		<map iso="B07" to="m"/> <!--   base=צ -->
		<map iso="B08" to=","/> <!--   base=ת -->
		<map iso="B09" to="."/> <!--   base=ץ -->
		<map iso="B10" to="/"/> <!--   base=. -->
		<map iso="A03" to=" "/> <!-- space -->
	</keyMap>
	<keyMap modifiers="caps+shift cmd+shift+opt?+caps?">
		<map iso="E00" to="~"/> <!-- `  base=; -->
		<map iso="E01" to="!"/> <!-- 1 -->
		<map iso="E02" to="@"/> <!-- 2 -->
		<map iso="E03" to="#"/> <!-- 3 -->
		<map iso="E04" to="$"/> <!-- 4 -->
		<map iso="E05" to="%"/> <!-- 5 -->
		<map iso="E06" to="^"/> <!-- 6 -->
		<map iso="E07" to="&amp;"/> <!-- 7 -->
		<map iso="E08" to="*"/> <!-- 8 -->
		<map iso="E09" to="("/> <!-- 9 -->
		<map iso="E10" to=")"/> <!-- 0 -->
		<map iso="E11" to="_"/> <!-- - -->
		<map iso="E12" to="+"/> <!-- = -->
		<map iso="D01" to="Q"/> <!--   base=/ -->
		<map iso="D02" to="W"/> <!--   base=׳ -->
		<map iso="D03" to="E"/> <!--   base=ק -->
		<map iso="D04" to="R"/> <!--   base=ר -->
		<map iso="D05" to="T"/> <!--   base=א -->
		<map iso="D06" to="Y"/> <!--   base=ט -->
		<map iso="D07" to="U"/> <!--   base=ו -->
		<map iso="D08" to="I"/> <!--   base=ן -->
		<map iso="D09" to="O"/> <!--   base=ם -->
		<map iso="D10" to="P"/> <!--   base=פ -->
		<map iso="D11" to="{"/> <!-- [  base=] -->
		<map iso="D12" to="}"/> <!-- ]  base=[ -->
		<map iso="D13" to="|"/> <!-- \  base=ֿ -->
		<map iso="C01" to="A"/> <!--   base=ש -->
		<map iso="C02" to="S"/> <!--   base=ד -->
		<map iso="C03" to="D"/> <!--   base=ג -->
		<map iso="C04" to="F"/> <!--   base=כ -->
		<map iso="C05" to="G"/> <!--   base=ע -->
		<map iso="C06" to="H"/> <!--   base=י -->
		<map iso="C07" to="J"/> <!--   base=ח -->
		<map iso="C08" to="K"/> <!--   base=ל -->
		<map iso="C09" to="L"/> <!--   base=ך -->
		<map iso="C10" to=":"/> <!-- ;  base=ף -->
		<map iso="C11" to="\u{22}"/> <!-- '  base=,  to= "  -->
		<map iso="B01" to="Z"/> <!--   base=ז -->
		<map iso="B02" to="X"/> <!--   base=ס -->
		<map iso="B03" to="C"/> <!--   base=ב -->
		<map iso="B04" to="V"/> <!--   base=ה -->
		<map iso="B05" to="B"/> <!--   base=נ -->
		<map iso="B06" to="N"/> <!--   base=מ -->
		<map iso="B07" to="M"/> <!--   base=צ -->
		<map iso="B08" to="&lt;"/> <!-- ,  base=ת -->
		<map iso="B09" to="&gt;"/> <!-- .  base=ץ -->
		<map iso="B10" to="?"/> <!-- /  base=. -->
		<map iso="A03" to=" "/> <!-- space -->
	</keyMap>
	<keyMap modifiers="opt">
		<map iso="E01" to="\u{5B2}"/> <!-- 1  to= ֲ  -->
		<map iso="E02" to="\u{5B3}"/> <!-- 2  to= ֳ  -->
		<map iso="E03" to="\u{5B1}"/> <!-- 3  to= ֱ  -->
		<map iso="E04" to="\u{5B4}"/> <!-- 4  to= ִ  -->
		<map iso="E05" to="\u{5B5}"/> <!-- 5  to= ֵ  -->
		<map iso="E06" to="\u{5B7}"/> <!-- 6  to= ַ  -->
		<map iso="E07" to="\u{5B8}"/> <!-- 7  to= ָ  -->
		<map iso="E08" to="\u{5BB}"/> <!-- 8  to= ֻ  -->
		<map iso="E09" to="\u{5B6}"/> <!-- 9  to= ֶ  -->
		<map iso="E10" to="\u{5B0}"/> <!-- 0  to= ְ  -->
		<map iso="E11" to="-"/>
		<map iso="E12" to="\u{5B9}"/> <!-- =  to= ֹ  -->
		<map iso="D01" to="…"/> <!-- Q  base=/ -->
		<map iso="D02" to="\u{5B8}"/> <!-- W  base=׳  to= ָ  -->
		<map iso="D07" to="ו\u{5BC}"/> <!-- U  base=ו  to= וּ  -->
		<map iso="D13" to="־"/> <!-- \  base=ֿ -->
		<map iso="C01" to="ש\u{5C2}"/> <!-- A  base=ש  to= שׂ  -->
		<map iso="C02" to="\u{200E}"/> <!-- S  base=ד -->
		<map iso="C03" to="\u{200F}"/> <!-- D  base=ג -->
		<map iso="C04" to="€"/> <!-- F  base=כ -->
		<map iso="C05" to="\u{59E}"/> <!-- G  base=ע  to= ֞  -->
		<map iso="C06" to="ײ\u{5B7}"/> <!-- H  base=י  to= ײַ  -->
		<map iso="C07" to="”"/> <!-- J  base=ח -->
		<map iso="C08" to="\u{59C}"/> <!-- K  base=ל  to= ֜  -->
		<map iso="C09" to="’"/> <!-- L  base=ך -->
		<map iso="C10" to=";"/> <!--   base=ף -->
		<map iso="C11" to="\u{5B2}"/> <!-- '  base=,  to= ֲ  -->
		<map iso="B00" to="\u{3}"/> <!-- (key to left of Z) -->
		<map iso="B01" to="–"/> <!-- Z  base=ז -->
		<map iso="B02" to="—"/> <!-- X  base=ס -->
		<map iso="B03" to="“"/> <!-- C  base=ב -->
		<map iso="B04" to="”"/> <!-- V  base=ה -->
		<map iso="B05" to="‘"/> <!-- B  base=נ -->
		<map iso="B06" to="’"/> <!-- N  base=מ -->
		<map iso="B07" to="ש\u{5C1}"/> <!-- M  base=צ  to= שׁ  -->
		<map iso="B08" to="\u{5BC}"/> <!-- ,  base=ת  to= ּ  -->
		<map iso="A03" to="\u{A0}"/> <!-- space -->
	</keyMap>
	<keyMap modifiers="opt+shift+caps? opt+caps+shift?">
		<map iso="E01" to="\u{5B2}"/> <!-- 1  to= ֲ  -->
		<map iso="E02" to="\u{5B3}"/> <!-- 2  to= ֳ  -->
		<map iso="E03" to="\u{5B1}"/> <!-- 3  to= ֱ  -->
		<map iso="E04" to="\u{5B4}"/> <!-- 4  to= ִ  -->
		<map iso="E05" to="\u{5B5}"/> <!-- 5  to= ֵ  -->
		<map iso="E06" to="\u{5B7}"/> <!-- 6  to= ַ  -->
		<map iso="E07" to="\u{5B8}"/> <!-- 7  to= ָ  -->
		<map iso="E08" to="\u{5BB}"/> <!-- 8  to= ֻ  -->
		<map iso="E09" to="\u{5B6}"/> <!-- 9  to= ֶ  -->
		<map iso="E10" to="\u{5B0}"/> <!-- 0  to= ְ  -->
		<map iso="E11" to="-"/>
		<map iso="E12" to="\u{5B9}"/> <!-- =  to= ֹ  -->
		<map iso="D01" to="…"/> <!-- Q  base=/ -->
		<map iso="D02" to="\u{5B8}"/> <!-- W  base=׳  to= ָ  -->
		<map iso="D07" to="ו\u{5BC}"/> <!-- U  base=ו  to= וּ  -->
		<map iso="D13" to="־"/> <!-- \  base=ֿ -->
		<map iso="C01" to="ש\u{5C2}"/> <!-- A  base=ש  to= שׂ  -->
		<map iso="C04" to="€"/> <!-- F  base=כ -->
		<map iso="C06" to="ײ\u{5B7}"/> <!-- H  base=י  to= ײַ  -->
		<map iso="C10" to=";"/> <!--   base=ף -->
		<map iso="C11" to="\u{5B2}"/> <!-- '  base=,  to= ֲ  -->
		<map iso="B00" to="\u{3}"/> <!-- (key to left of Z) -->
		<map iso="B01" to="–"/> <!-- Z  base=ז -->
		<map iso="B02" to="—"/> <!-- X  base=ס -->
		<map iso="B03" to="\u{59E}"/> <!-- C  base=ב  to= ֞  -->
		<map iso="B04" to="”"/> <!-- V  base=ה -->
		<map iso="B05" to="\u{59C}"/> <!-- B  base=נ  to= ֜  -->
		<map iso="B06" to="’"/> <!-- N  base=מ -->
		<map iso="B07" to="ש\u{5C1}"/> <!-- M  base=צ  to= שׁ  -->
		<map iso="B08" to="\u{5BC}"/> <!-- ,  base=ת  to= ּ  -->
		<map iso="A03" to="\u{A0}"/> <!-- space -->
	</keyMap>
	<keyMap modifiers="ctrlL+cmd?+optL?+caps?+shift?">
		<map iso="E00" to="`"/> <!--   base=; -->
		<map iso="E01" to="1"/>
		<map iso="E02" to="2"/>
		<map iso="E03" to="3"/>
		<map iso="E04" to="4"/>
		<map iso="E05" to="5"/>
		<map iso="E06" to="6"/>
		<map iso="E07" to="7"/>
		<map iso="E08" to="8"/>
		<map iso="E09" to="9"/>
		<map iso="E10" to="0"/>
		<map iso="E11" to="\u{1F}"/> <!-- - -->
		<map iso="E12" to="="/>
		<map iso="D01" to="\u{11}"/> <!-- Q  base=/ -->
		<map iso="D02" to="\u{17}"/> <!-- W  base=׳ -->
		<map iso="D03" to="\u{5}"/> <!-- E  base=ק -->
		<map iso="D04" to="\u{12}"/> <!-- R  base=ר -->
		<map iso="D05" to="\u{14}"/> <!-- T  base=א -->
		<map iso="D06" to="\u{19}"/> <!-- Y  base=ט -->
		<map iso="D07" to="\u{15}"/> <!-- U  base=ו -->
		<map iso="D08" to="\u{9}"/> <!-- I  base=ן -->
		<map iso="D09" to="\u{F}"/> <!-- O  base=ם -->
		<map iso="D10" to="\u{10}"/> <!-- P  base=פ -->
		<map iso="D11" to="\u{1B}"/> <!-- [  base=] -->
		<map iso="D12" to="\u{1D}"/> <!-- ]  base=[ -->
		<map iso="D13" to="\u{1C}"/> <!-- \  base=ֿ -->
		<map iso="C01" to="\u{1}"/> <!-- A  base=ש -->
		<map iso="C02" to="\u{13}"/> <!-- S  base=ד -->
		<map iso="C03" to="\u{4}"/> <!-- D  base=ג -->
		<map iso="C04" to="\u{6}"/> <!-- F  base=כ -->
		<map iso="C05" to="\u{7}"/> <!-- G  base=ע -->
		<map iso="C06" to="\u{8}"/> <!-- H  base=י -->
		<map iso="C07" to="\u{A}"/> <!-- J  base=ח -->
		<map iso="C08" to="\u{B}"/> <!-- K  base=ל -->
		<map iso="C09" to="\u{C}"/> <!-- L  base=ך -->
		<map iso="C10" to=";"/> <!--   base=ף -->
		<map iso="C11" to="׳"/> <!-- '  base=, -->
		<map iso="B00" to="0"/> <!-- (key to left of Z) -->
		<map iso="B01" to="\u{1A}"/> <!-- Z  base=ז -->
		<map iso="B02" to="\u{18}"/> <!-- X  base=ס -->
		<map iso="B03" to="\u{3}"/> <!-- C  base=ב -->
		<map iso="B04" to="\u{16}"/> <!-- V  base=ה -->
		<map iso="B05" to="\u{2}"/> <!-- B  base=נ -->
		<map iso="B06" to="\u{E}"/> <!-- N  base=מ -->
		<map iso="B07" to="\u{D}"/> <!-- M  base=צ -->
		<map iso="B08" to=","/> <!--   base=ת -->
		<map iso="B09" to="."/> <!--   base=ץ -->
		<map iso="B10" to="/"/> <!--   base=. -->
		<map iso="A03" to=" "/> <!-- space -->
	</keyMap>
</keyboard>

