<?xml version="1.0" encoding="UTF-8" ?>
<!DOCTYPE keyboard SYSTEM "../dtd/ldmlKeyboard.dtd">
<keyboard locale="it-t-k0-osx">
	<version platform="10.9" number="$Revision$"/>
	<names>
		<name value="Italian"/>
	</names>
	<keyMap>
		<map iso="E00" to="&lt;"/> <!-- ` -->
		<map iso="E01" to="&amp;"/> <!-- 1 -->
		<map iso="E02" to="\u{22}"/> <!-- 2  to= "  -->
		<map iso="E03" to="&apos;"/> <!-- 3 -->
		<map iso="E04" to="("/> <!-- 4 -->
		<map iso="E05" to="ç"/> <!-- 5 -->
		<map iso="E06" to="è"/> <!-- 6 -->
		<map iso="E07" to=")"/> <!-- 7 -->
		<map iso="E08" to="£"/> <!-- 8 -->
		<map iso="E09" to="à"/> <!-- 9 -->
		<map iso="E10" to="é"/> <!-- 0 -->
		<map iso="E11" to="-"/>
		<map iso="E12" to="="/>
		<map iso="D01" to="q"/>
		<map iso="D02" to="z"/> <!-- W -->
		<map iso="D03" to="e"/>
		<map iso="D04" to="r"/>
		<map iso="D05" to="t"/>
		<map iso="D06" to="y"/>
		<map iso="D07" to="u"/>
		<map iso="D08" to="i"/>
		<map iso="D09" to="o"/>
		<map iso="D10" to="p"/>
		<map iso="D11" to="ì"/> <!-- [ -->
		<map iso="D12" to="$"/> <!-- ] -->
		<map iso="D13" to="§"/> <!-- \ -->
		<map iso="C01" to="a"/>
		<map iso="C02" to="s"/>
		<map iso="C03" to="d"/>
		<map iso="C04" to="f"/>
		<map iso="C05" to="g"/>
		<map iso="C06" to="h"/>
		<map iso="C07" to="j"/>
		<map iso="C08" to="k"/>
		<map iso="C09" to="l"/>
		<map iso="C10" to="m"/> <!-- ; -->
		<map iso="C11" to="ù"/> <!-- ' -->
		<map iso="B00" to="@"/> <!-- (key to left of Z) -->
		<map iso="B01" to="w"/> <!-- Z -->
		<map iso="B02" to="x"/>
		<map iso="B03" to="c"/>
		<map iso="B04" to="v"/>
		<map iso="B05" to="b"/>
		<map iso="B06" to="n"/>
		<map iso="B07" to=","/> <!-- M -->
		<map iso="B08" to=";"/> <!-- , -->
		<map iso="B09" to=":"/> <!-- . -->
		<map iso="B10" to="ò"/> <!-- / -->
		<map iso="A03" to=" "/> <!-- space -->
	</keyMap>
	<keyMap modifiers="shift+cmd?+caps?">
		<map iso="E00" to="&gt;"/> <!-- `  base=< -->
		<map iso="E01" to="1"/> <!--   base=& -->
		<map iso="E02" to="2"/> <!--   base=" -->
		<map iso="E03" to="3"/> <!--   base=' -->
		<map iso="E04" to="4"/> <!--   base=( -->
		<map iso="E05" to="5"/> <!--   base=ç -->
		<map iso="E06" to="6"/> <!--   base=è -->
		<map iso="E07" to="7"/> <!--   base=) -->
		<map iso="E08" to="8"/> <!--   base=£ -->
		<map iso="E09" to="9"/> <!--   base=à -->
		<map iso="E10" to="0"/> <!--   base=é -->
		<map iso="E11" to="_"/> <!-- - -->
		<map iso="E12" to="+"/> <!-- = -->
		<map iso="D01" to="Q"/>
		<map iso="D02" to="Z"/> <!-- W -->
		<map iso="D03" to="E"/>
		<map iso="D04" to="R"/>
		<map iso="D05" to="T"/>
		<map iso="D06" to="Y"/>
		<map iso="D07" to="U"/>
		<map iso="D08" to="I"/>
		<map iso="D09" to="O"/>
		<map iso="D10" to="P"/>
		<map iso="D11" to="^"/> <!-- [  base=ì -->
		<map iso="D12" to="*"/> <!-- ]  base=$ -->
		<map iso="D13" to="°"/> <!-- \  base=§ -->
		<map iso="C01" to="A"/>
		<map iso="C02" to="S"/>
		<map iso="C03" to="D"/>
		<map iso="C04" to="F"/>
		<map iso="C05" to="G"/>
		<map iso="C06" to="H"/>
		<map iso="C07" to="J"/>
		<map iso="C08" to="K"/>
		<map iso="C09" to="L"/>
		<map iso="C10" to="M"/> <!-- ; -->
		<map iso="C11" to="%"/> <!-- '  base=ù -->
		<map iso="B00" to="#"/> <!-- (key to left of Z)  base=@ -->
		<map iso="B01" to="W"/> <!-- Z -->
		<map iso="B02" to="X"/>
		<map iso="B03" to="C"/>
		<map iso="B04" to="V"/>
		<map iso="B05" to="B"/>
		<map iso="B06" to="N"/>
		<map iso="B07" to="?"/> <!-- M  base=, -->
		<map iso="B08" to="."/> <!-- ,  base=; -->
		<map iso="B09" to="/"/> <!-- .  base=: -->
		<map iso="B10" to="!"/> <!-- /  base=ò -->
		<map iso="A03" to=" "/> <!-- space -->
	</keyMap>
	<keyMap modifiers="caps+cmd?">
		<map iso="E00" to="&lt;"/> <!-- ` -->
		<map iso="E01" to="1"/> <!--   base=& -->
		<map iso="E02" to="2"/> <!--   base=" -->
		<map iso="E03" to="3"/> <!--   base=' -->
		<map iso="E04" to="4"/> <!--   base=( -->
		<map iso="E05" to="5"/> <!--   base=ç -->
		<map iso="E06" to="6"/> <!--   base=è -->
		<map iso="E07" to="7"/> <!--   base=) -->
		<map iso="E08" to="8"/> <!--   base=£ -->
		<map iso="E09" to="9"/> <!--   base=à -->
		<map iso="E10" to="0"/> <!--   base=é -->
		<map iso="E11" to="-"/>
		<map iso="E12" to="="/>
		<map iso="D01" to="Q"/>
		<map iso="D02" to="Z"/> <!-- W -->
		<map iso="D03" to="E"/>
		<map iso="D04" to="R"/>
		<map iso="D05" to="T"/>
		<map iso="D06" to="Y"/>
		<map iso="D07" to="U"/>
		<map iso="D08" to="I"/>
		<map iso="D09" to="O"/>
		<map iso="D10" to="P"/>
		<map iso="D11" to="ì"/> <!-- [ -->
		<map iso="D12" to="$"/> <!-- ] -->
		<map iso="D13" to="§"/> <!-- \ -->
		<map iso="C01" to="A"/>
		<map iso="C02" to="S"/>
		<map iso="C03" to="D"/>
		<map iso="C04" to="F"/>
		<map iso="C05" to="G"/>
		<map iso="C06" to="H"/>
		<map iso="C07" to="J"/>
		<map iso="C08" to="K"/>
		<map iso="C09" to="L"/>
		<map iso="C10" to="M"/> <!-- ; -->
		<map iso="C11" to="ù"/> <!-- ' -->
		<map iso="B00" to="@"/> <!-- (key to left of Z) -->
		<map iso="B01" to="W"/> <!-- Z -->
		<map iso="B02" to="X"/>
		<map iso="B03" to="C"/>
		<map iso="B04" to="V"/>
		<map iso="B05" to="B"/>
		<map iso="B06" to="N"/>
		<map iso="B07" to=","/> <!-- M -->
		<map iso="B08" to=";"/> <!-- , -->
		<map iso="B09" to=":"/> <!-- . -->
		<map iso="B10" to="ò"/> <!-- / -->
		<map iso="A03" to=" "/> <!-- space -->
	</keyMap>
	<keyMap modifiers="opt">
		<map iso="E00" to="≤"/> <!-- `  base=< -->
		<map iso="E01" to="«"/> <!-- 1  base=& -->
		<map iso="E02" to="“"/> <!-- 2  base=" -->
		<map iso="E03" to="‘"/> <!-- 3  base=' -->
		<map iso="E04" to="{"/> <!-- 4  base=( -->
		<map iso="E05" to="Ç"/> <!-- 5 -->
		<map iso="E06" to="¶"/> <!-- 6  base=è -->
		<map iso="E07" to="}"/> <!-- 7  base=) -->
		<map iso="E08" to="∞"/> <!-- 8  base=£ -->
		<map iso="E09" to="`"/> <!-- 9  base=à -->
		<map iso="E10" to="´"/> <!-- 0  base=é -->
		<map iso="E11" to="–"/> <!-- - -->
		<map iso="E12" to="≠"/> <!-- = -->
		<map iso="D01" to="⁄"/> <!-- Q -->
		<map iso="D02" to="Ω"/> <!-- W  base=z -->
		<map iso="D03" to="™"/> <!-- E -->
		<map iso="D04" to="®"/> <!-- R -->
		<map iso="D05" to="†"/> <!-- T -->
		<map iso="D06" to="¥"/> <!-- Y -->
		<map iso="D07" to="¨"/> <!-- U -->
		<map iso="D08" to="€"/> <!-- I -->
		<map iso="D09" to="ø"/> <!-- O -->
		<map iso="D10" to="π"/> <!-- P -->
		<map iso="D11" to="œ"/> <!-- [  base=ì -->
		<map iso="D12" to="¢"/> <!-- ]  base=$ -->
		<map iso="D13" to="@"/> <!-- \  base=§ -->
		<map iso="C01" to="å"/> <!-- A -->
		<map iso="C02" to="ß"/> <!-- S -->
		<map iso="C03" to="∂"/> <!-- D -->
		<map iso="C04" to="ƒ"/> <!-- F -->
		<map iso="C05" to="Ÿ"/> <!-- G -->
		<map iso="C06" to="∆"/> <!-- H -->
		<map iso="C07" to="ª"/> <!-- J -->
		<map iso="C08" to="º"/> <!-- K -->
		<map iso="C09" to="¬"/> <!-- L -->
		<map iso="C10" to="µ"/> <!-- ;  base=m -->
		<map iso="C11" to="æ"/> <!-- '  base=ù -->
		<map iso="B00" to="@"/> <!-- (key to left of Z) -->
		<map iso="B01" to="∑"/> <!-- Z  base=w -->
		<map iso="B02" to="≈"/> <!-- X -->
		<map iso="B03" to="©"/> <!-- C -->
		<map iso="B04" to="√"/> <!-- V -->
		<map iso="B05" to="∫"/> <!-- B -->
		<map iso="B06" to="~"/> <!-- N -->
		<map iso="B07" to="¿"/> <!-- M  base=, -->
		<map iso="B08" to="…"/> <!-- ,  base=; -->
		<map iso="B09" to="|"/> <!-- .  base=: -->
		<map iso="B10" to="¡"/> <!-- /  base=ò -->
		<map iso="A03" to="\u{A0}"/> <!-- space -->
	</keyMap>
	<keyMap modifiers="opt+shift+cmd?+caps?">
		<map iso="E00" to="≥"/> <!-- `  base=< -->
		<map iso="E01" to="»"/> <!-- 1  base=& -->
		<map iso="E02" to="”"/> <!-- 2  base=" -->
		<map iso="E03" to="’"/> <!-- 3  base=' -->
		<map iso="E04" to="["/> <!-- 4  base=( -->
		<map iso="E05" to="Ì"/> <!-- 5  base=ç -->
		<map iso="E06" to="•"/> <!-- 6  base=è -->
		<map iso="E07" to="]"/> <!-- 7  base=) -->
		<map iso="E08" to="\u{F8FF}"/> <!-- 8  base=£ -->
		<map iso="E09" to="Ô"/> <!-- 9  base=à -->
		<map iso="E10" to="Ò"/> <!-- 0  base=é -->
		<map iso="E11" to="—"/> <!-- - -->
		<map iso="E12" to="±"/> <!-- = -->
		<map iso="D01" to="Á"/> <!-- Q -->
		<map iso="D02" to="Ë"/> <!-- W  base=z -->
		<map iso="D03" to="È"/> <!-- E -->
		<map iso="D04" to="Í"/> <!-- R -->
		<map iso="D05" to="Ï"/> <!-- T -->
		<map iso="D06" to="Î"/> <!-- Y -->
		<map iso="D07" to="Û"/> <!-- U -->
		<map iso="D08" to="Ù"/> <!-- I -->
		<map iso="D09" to="Ø"/> <!-- O -->
		<map iso="D10" to="∏"/> <!-- P -->
		<map iso="D11" to="Œ"/> <!-- [  base=ì -->
		<map iso="D12" to="Ú"/> <!-- ]  base=$ -->
		<map iso="D13" to="#"/> <!-- \  base=§ -->
		<map iso="C01" to="Å"/> <!-- A -->
		<map iso="C02" to="ﬁ"/> <!-- S -->
		<map iso="C03" to="ﬂ"/> <!-- D -->
		<map iso="C04" to="‡"/> <!-- F -->
		<map iso="C05" to="‚"/> <!-- G -->
		<map iso="C06" to="·"/> <!-- H -->
		<map iso="C07" to="ˆ"/> <!-- J -->
		<map iso="C08" to="˜"/> <!-- K -->
		<map iso="C09" to="ı"/> <!-- L -->
		<map iso="C10" to="¯"/> <!-- ;  base=m -->
		<map iso="C11" to="Æ"/> <!-- '  base=ù -->
		<map iso="B00" to="#"/> <!-- (key to left of Z)  base=@ -->
		<map iso="B01" to="„"/> <!-- Z  base=w -->
		<map iso="B02" to="‰"/> <!-- X -->
		<map iso="B03" to="Â"/> <!-- C -->
		<map iso="B04" to="◊"/> <!-- V -->
		<map iso="B05" to="Ê"/> <!-- B -->
		<map iso="B06" to="˙"/> <!-- N -->
		<map iso="B07" to="˚"/> <!-- M  base=, -->
		<map iso="B08" to="÷"/> <!-- ,  base=; -->
		<map iso="B09" to="\"/> <!-- .  base=: -->
		<map iso="B10" to="˘"/> <!-- /  base=ò -->
		<map iso="A03" to="\u{A0}"/> <!-- space -->
	</keyMap>
	<keyMap modifiers="opt+caps+cmd?">
		<map iso="E00" to="ˇ"/> <!-- `  base=< -->
		<map iso="E01" to="«"/> <!-- 1  base=& -->
		<map iso="E02" to="“"/> <!-- 2  base=" -->
		<map iso="E03" to="‘"/> <!-- 3  base=' -->
		<map iso="E04" to="{"/> <!-- 4  base=( -->
		<map iso="E05" to="Ç"/> <!-- 5 -->
		<map iso="E06" to="ê"/> <!-- 6  base=è -->
		<map iso="E07" to="}"/> <!-- 7  base=) -->
		<map iso="E08" to="∞"/> <!-- 8  base=£ -->
		<map iso="E09" to="`" transform="no"/> <!-- 9  base=à -->
		<map iso="E10" to="´" transform="no"/> <!-- 0  base=é -->
		<map iso="E11" to="–"/> <!-- - -->
		<map iso="E12" to="≠"/> <!-- = -->
		<map iso="D01" to="›"/> <!-- Q -->
		<map iso="D02" to="ë"/> <!-- W  base=z -->
		<map iso="D03" to="É"/> <!-- E -->
		<map iso="D04" to="®"/> <!-- R -->
		<map iso="D05" to="˛"/> <!-- T -->
		<map iso="D06" to="ÿ"/> <!-- Y -->
		<map iso="D07" to="¨" transform="no"/> <!-- U -->
		<map iso="D08" to="î"/> <!-- I -->
		<map iso="D09" to="Ö"/> <!-- O -->
		<map iso="D10" to="Õ"/> <!-- P -->
		<map iso="D11" to="í"/> <!-- [  base=ì -->
		<map iso="D12" to="ï"/> <!-- ]  base=$ -->
		<map iso="D13" to="@"/> <!-- \  base=§ -->
		<map iso="C01" to="Ä"/> <!-- A -->
		<map iso="C02" to="À"/> <!-- S -->
		<map iso="C03" to="Ã"/> <!-- D -->
		<map iso="C04" to="á"/> <!-- F -->
		<map iso="C05" to="ä"/> <!-- G -->
		<map iso="C06" to="â"/> <!-- H -->
		<map iso="C07" to="ã"/> <!-- J -->
		<map iso="C08" to="Ü"/> <!-- K -->
		<map iso="C09" to="ú"/> <!-- L -->
		<map iso="C10" to="û"/> <!-- ;  base=m -->
		<map iso="C11" to="ü"/> <!-- '  base=ù -->
		<map iso="B00" to="@"/> <!-- (key to left of Z) -->
		<map iso="B01" to="‹"/> <!-- Z  base=w -->
		<map iso="B02" to="˚"/> <!-- X -->
		<map iso="B03" to="¸"/> <!-- C -->
		<map iso="B04" to="Ñ"/> <!-- V -->
		<map iso="B05" to="ñ"/> <!-- B -->
		<map iso="B06" to="~" transform="no"/> <!-- N -->
		<map iso="B07" to="ö"/> <!-- M  base=, -->
		<map iso="B08" to="ó"/> <!-- ,  base=; -->
		<map iso="B09" to="õ"/> <!-- .  base=: -->
		<map iso="B10" to="ô"/> <!-- /  base=ò -->
		<map iso="A03" to="\u{A0}"/> <!-- space -->
	</keyMap>
	<keyMap modifiers="ctrl+opt?+caps?+shift? ctrl+cmd?+opt?+shift? ctrl+cmd?+opt?+caps? cmd+ctrlR+opt+caps+shift cmd+ctrlL+opt+caps+shift cmd+ctrl+caps+shift+optR? cmd+ctrl+caps+shift+optL? cmd+ctrl+opt+caps+shiftR? cmd+ctrl+opt+caps+shiftL?">
		<map iso="E00" to="\u{1C}"/> <!-- `  base=< -->
		<map iso="E01" to="1"/> <!--   base=& -->
		<map iso="E02" to="2"/> <!--   base=" -->
		<map iso="E03" to="3"/> <!--   base=' -->
		<map iso="E04" to="4"/> <!--   base=( -->
		<map iso="E05" to="5"/> <!--   base=ç -->
		<map iso="E06" to="6"/> <!--   base=è -->
		<map iso="E07" to="7"/> <!--   base=) -->
		<map iso="E08" to="8"/> <!--   base=£ -->
		<map iso="E09" to="9"/> <!--   base=à -->
		<map iso="E10" to="0"/> <!--   base=é -->
		<map iso="E11" to="\u{1F}"/> <!-- - -->
		<map iso="E12" to="="/>
		<map iso="D01" to="\u{11}"/> <!-- Q -->
		<map iso="D02" to="\u{1A}"/> <!-- W  base=z -->
		<map iso="D03" to="\u{5}"/> <!-- E -->
		<map iso="D04" to="\u{12}"/> <!-- R -->
		<map iso="D05" to="\u{14}"/> <!-- T -->
		<map iso="D06" to="\u{19}"/> <!-- Y -->
		<map iso="D07" to="\u{15}"/> <!-- U -->
		<map iso="D08" to="\u{9}"/> <!-- I -->
		<map iso="D09" to="\u{F}"/> <!-- O -->
		<map iso="D10" to="\u{10}"/> <!-- P -->
		<map iso="D11" to="\u{1E}"/> <!-- [  base=ì -->
		<map iso="D12" to="\u{1D}"/> <!-- ]  base=$ -->
		<map iso="D13" to="°"/> <!-- \  base=§ -->
		<map iso="C01" to="\u{1}"/> <!-- A -->
		<map iso="C02" to="\u{13}"/> <!-- S -->
		<map iso="C03" to="\u{4}"/> <!-- D -->
		<map iso="C04" to="\u{6}"/> <!-- F -->
		<map iso="C05" to="\u{7}"/> <!-- G -->
		<map iso="C06" to="\u{8}"/> <!-- H -->
		<map iso="C07" to="\u{A}"/> <!-- J -->
		<map iso="C08" to="\u{B}"/> <!-- K -->
		<map iso="C09" to="\u{C}"/> <!-- L -->
		<map iso="C10" to="\u{D}"/> <!-- ;  base=m -->
		<map iso="C11" to="%"/> <!-- '  base=ù -->
		<map iso="B00" to="\u{1C}"/> <!-- (key to left of Z)  base=@ -->
		<map iso="B01" to="\u{17}"/> <!-- Z  base=w -->
		<map iso="B02" to="\u{18}"/> <!-- X -->
		<map iso="B03" to="\u{3}"/> <!-- C -->
		<map iso="B04" to="\u{16}"/> <!-- V -->
		<map iso="B05" to="\u{2}"/> <!-- B -->
		<map iso="B06" to="\u{E}"/> <!-- N -->
		<map iso="B07" to="?"/> <!-- M  base=, -->
		<map iso="B08" to="."/> <!-- ,  base=; -->
		<map iso="B09" to="/"/> <!-- .  base=: -->
		<map iso="B10" to="!"/> <!-- /  base=ò -->
		<map iso="A03" to=" "/> <!-- space -->
	</keyMap>
	<keyMap modifiers="cmd+opt">
		<map iso="E00" to="≤"/> <!-- `  base=< -->
		<map iso="E01" to="«"/> <!-- 1  base=& -->
		<map iso="E02" to="“"/> <!-- 2  base=" -->
		<map iso="E03" to="‘"/> <!-- 3  base=' -->
		<map iso="E04" to="{"/> <!-- 4  base=( -->
		<map iso="E05" to="Ç"/> <!-- 5 -->
		<map iso="E06" to="¶"/> <!-- 6  base=è -->
		<map iso="E07" to="}"/> <!-- 7  base=) -->
		<map iso="E08" to="∞"/> <!-- 8  base=£ -->
		<map iso="E09" to="`" transform="no"/> <!-- 9  base=à -->
		<map iso="E10" to="´" transform="no"/> <!-- 0  base=é -->
		<map iso="E11" to="–"/> <!-- - -->
		<map iso="E12" to="≠"/> <!-- = -->
		<map iso="D01" to="⁄"/> <!-- Q -->
		<map iso="D02" to="Ω"/> <!-- W  base=z -->
		<map iso="D03" to="™"/> <!-- E -->
		<map iso="D04" to="®"/> <!-- R -->
		<map iso="D05" to="†"/> <!-- T -->
		<map iso="D06" to="¥"/> <!-- Y -->
		<map iso="D07" to="¨" transform="no"/> <!-- U -->
		<map iso="D08" to="€"/> <!-- I -->
		<map iso="D09" to="ø"/> <!-- O -->
		<map iso="D10" to="π"/> <!-- P -->
		<map iso="D11" to="œ"/> <!-- [  base=ì -->
		<map iso="D12" to="¢"/> <!-- ]  base=$ -->
		<map iso="D13" to="@"/> <!-- \  base=§ -->
		<map iso="C01" to="å"/> <!-- A -->
		<map iso="C02" to="ß"/> <!-- S -->
		<map iso="C03" to="∂"/> <!-- D -->
		<map iso="C04" to="ƒ"/> <!-- F -->
		<map iso="C05" to="Ÿ"/> <!-- G -->
		<map iso="C06" to="∆"/> <!-- H -->
		<map iso="C07" to="ª"/> <!-- J -->
		<map iso="C08" to="º"/> <!-- K -->
		<map iso="C09" to="¬"/> <!-- L -->
		<map iso="C10" to="µ"/> <!-- ;  base=m -->
		<map iso="C11" to="æ"/> <!-- '  base=ù -->
		<map iso="B00" to="#"/> <!-- (key to left of Z)  base=@ -->
		<map iso="B01" to="∑"/> <!-- Z  base=w -->
		<map iso="B02" to="≈"/> <!-- X -->
		<map iso="B03" to="©"/> <!-- C -->
		<map iso="B04" to="√"/> <!-- V -->
		<map iso="B05" to="∫"/> <!-- B -->
		<map iso="B06" to="~" transform="no"/> <!-- N -->
		<map iso="B07" to="¿"/> <!-- M  base=, -->
		<map iso="B08" to="…"/> <!-- ,  base=; -->
		<map iso="B09" to="|"/> <!-- .  base=: -->
		<map iso="B10" to="¡"/> <!-- /  base=ò -->
		<map iso="A03" to="\u{A0}"/> <!-- space -->
	</keyMap>
	<transforms type="simple">
		<transform from="` " to="`"/>
		<transform from="`a" to="à"/>
		<transform from="`A" to="À"/>
		<transform from="`e" to="è"/>
		<transform from="`E" to="È"/>
		<transform from="`i" to="ì"/>
		<transform from="`I" to="Ì"/>
		<transform from="`o" to="ò"/>
		<transform from="`O" to="·"/>
		<transform from="`u" to="ù"/>
		<transform from="`U" to="‰"/>
		<transform from="´ " to="´"/>
		<transform from="´a" to="á"/>
		<transform from="´A" to="Á"/>
		<transform from="´e" to="é"/>
		<transform from="´E" to="É"/>
		<transform from="´i" to="í"/>
		<transform from="´I" to="Í"/>
		<transform from="´o" to="ó"/>
		<transform from="´O" to="Ó"/>
		<transform from="´u" to="ú"/>
		<transform from="´U" to="‚"/>
		<transform from="^ " to="^"/>
		<transform from="^a" to="â"/>
		<transform from="^A" to="Â"/>
		<transform from="^e" to="ê"/>
		<transform from="^E" to="Ê"/>
		<transform from="^i" to="î"/>
		<transform from="^I" to="Î"/>
		<transform from="^o" to="ô"/>
		<transform from="^O" to="Ô"/>
		<transform from="^u" to="û"/>
		<transform from="^U" to="„"/>
		<transform from="¨ " to="¨"/>
		<transform from="¨a" to="ä"/>
		<transform from="¨A" to="Ä"/>
		<transform from="¨e" to="ë"/>
		<transform from="¨E" to="Ë"/>
		<transform from="¨i" to="ï"/>
		<transform from="¨I" to="Ï"/>
		<transform from="¨o" to="ö"/>
		<transform from="¨O" to="Ö"/>
		<transform from="¨u" to="ü"/>
		<transform from="¨U" to="Ü"/>
		<transform from="¨y" to="ÿ"/>
		<transform from="¨Y" to="Ÿ"/>
		<transform from="~ " to="~"/>
		<transform from="~a" to="ã"/>
		<transform from="~A" to="Ã"/>
		<transform from="~n" to="ñ"/>
		<transform from="~N" to="Ñ"/>
		<transform from="~o" to="õ"/>
		<transform from="~O" to="Õ"/>
	</transforms>
</keyboard>

