<?xml version="1.0" encoding="UTF-8" ?>
<!DOCTYPE keyboard SYSTEM "../dtd/ldmlKeyboard.dtd">
<keyboard locale="pl-t-k0-osx">
	<version platform="10.9" number="$Revision$"/>
	<names>
		<name value="Polish"/>
	</names>
	<keyMap>
		<map iso="E00" to="&lt;"/> <!-- ` -->
		<map iso="E01" to="1"/>
		<map iso="E02" to="2"/>
		<map iso="E03" to="3"/>
		<map iso="E04" to="4"/>
		<map iso="E05" to="5"/>
		<map iso="E06" to="6"/>
		<map iso="E07" to="7"/>
		<map iso="E08" to="8"/>
		<map iso="E09" to="9"/>
		<map iso="E10" to="0"/>
		<map iso="E11" to="ż"/> <!-- - -->
		<map iso="E12" to="["/> <!-- = -->
		<map iso="D01" to="q"/>
		<map iso="D02" to="w"/>
		<map iso="D03" to="e"/>
		<map iso="D04" to="r"/>
		<map iso="D05" to="t"/>
		<map iso="D06" to="z"/> <!-- Y -->
		<map iso="D07" to="u"/>
		<map iso="D08" to="i"/>
		<map iso="D09" to="o"/>
		<map iso="D10" to="p"/>
		<map iso="D11" to="ó"/> <!-- [ -->
		<map iso="D12" to="("/> <!-- ] -->
		<map iso="D13" to=";"/> <!-- \ -->
		<map iso="C01" to="a"/>
		<map iso="C02" to="s"/>
		<map iso="C03" to="d"/>
		<map iso="C04" to="f"/>
		<map iso="C05" to="g"/>
		<map iso="C06" to="h"/>
		<map iso="C07" to="j"/>
		<map iso="C08" to="k"/>
		<map iso="C09" to="l"/>
		<map iso="C10" to="ł"/> <!-- ; -->
		<map iso="C11" to="ą"/> <!-- ' -->
		<map iso="B00" to="^" transform="no"/> <!-- (key to left of Z) -->
		<map iso="B01" to="y"/> <!-- Z -->
		<map iso="B02" to="x"/>
		<map iso="B03" to="c"/>
		<map iso="B04" to="v"/>
		<map iso="B05" to="b"/>
		<map iso="B06" to="n"/>
		<map iso="B07" to="m"/>
		<map iso="B08" to="."/> <!-- , -->
		<map iso="B09" to=","/> <!-- . -->
		<map iso="B10" to="-"/> <!-- / -->
		<map iso="A03" to=" "/> <!-- space -->
	</keyMap>
	<keyMap modifiers="shift+caps?">
		<map iso="E00" to="&gt;"/> <!-- `  base=< -->
		<map iso="E01" to="§"/> <!-- 1 -->
		<map iso="E02" to="%"/> <!-- 2 -->
		<map iso="E03" to="!"/> <!-- 3 -->
		<map iso="E04" to="?"/> <!-- 4 -->
		<map iso="E05" to="+"/> <!-- 5 -->
		<map iso="E06" to="="/> <!-- 6 -->
		<map iso="E07" to=":"/> <!-- 7 -->
		<map iso="E08" to="_"/> <!-- 8 -->
		<map iso="E09" to="/"/> <!-- 9 -->
		<map iso="E10" to="\u{22}"/> <!-- 0  to= "  -->
		<map iso="E11" to="Ż"/> <!-- - -->
		<map iso="E12" to="]"/> <!-- =  base=[ -->
		<map iso="D01" to="Q"/>
		<map iso="D02" to="W"/>
		<map iso="D03" to="E"/>
		<map iso="D04" to="R"/>
		<map iso="D05" to="T"/>
		<map iso="D06" to="Z"/> <!-- Y -->
		<map iso="D07" to="U"/>
		<map iso="D08" to="I"/>
		<map iso="D09" to="O"/>
		<map iso="D10" to="P"/>
		<map iso="D11" to="ź"/> <!-- [  base=ó -->
		<map iso="D12" to=")"/> <!-- ]  base=( -->
		<map iso="D13" to="$"/> <!-- \  base=; -->
		<map iso="C01" to="A"/>
		<map iso="C02" to="S"/>
		<map iso="C03" to="D"/>
		<map iso="C04" to="F"/>
		<map iso="C05" to="G"/>
		<map iso="C06" to="H"/>
		<map iso="C07" to="J"/>
		<map iso="C08" to="K"/>
		<map iso="C09" to="L"/>
		<map iso="C10" to="Ł"/> <!-- ; -->
		<map iso="C11" to="ę"/> <!-- '  base=ą -->
		<map iso="B00" to="*"/> <!-- (key to left of Z)  base=^ -->
		<map iso="B01" to="Y"/> <!-- Z -->
		<map iso="B02" to="X"/>
		<map iso="B03" to="C"/>
		<map iso="B04" to="V"/>
		<map iso="B05" to="B"/>
		<map iso="B06" to="N"/>
		<map iso="B07" to="M"/>
		<map iso="B08" to="ś"/> <!-- ,  base=. -->
		<map iso="B09" to="ń"/> <!-- .  base=, -->
		<map iso="B10" to="ć"/> <!-- /  base=- -->
		<map iso="A03" to=" "/> <!-- space -->
	</keyMap>
	<keyMap modifiers="caps+cmd?">
		<map iso="E00" to="&lt;"/> <!-- ` -->
		<map iso="E01" to="1"/>
		<map iso="E02" to="2"/>
		<map iso="E03" to="3"/>
		<map iso="E04" to="4"/>
		<map iso="E05" to="5"/>
		<map iso="E06" to="6"/>
		<map iso="E07" to="7"/>
		<map iso="E08" to="8"/>
		<map iso="E09" to="9"/>
		<map iso="E10" to="0"/>
		<map iso="E11" to="Ż"/> <!-- - -->
		<map iso="E12" to="["/> <!-- = -->
		<map iso="D01" to="Q"/>
		<map iso="D02" to="W"/>
		<map iso="D03" to="E"/>
		<map iso="D04" to="R"/>
		<map iso="D05" to="T"/>
		<map iso="D06" to="Z"/> <!-- Y -->
		<map iso="D07" to="U"/>
		<map iso="D08" to="I"/>
		<map iso="D09" to="O"/>
		<map iso="D10" to="P"/>
		<map iso="D11" to="Ó"/> <!-- [ -->
		<map iso="D12" to="("/> <!-- ] -->
		<map iso="D13" to=";"/> <!-- \ -->
		<map iso="C01" to="A"/>
		<map iso="C02" to="S"/>
		<map iso="C03" to="D"/>
		<map iso="C04" to="F"/>
		<map iso="C05" to="G"/>
		<map iso="C06" to="H"/>
		<map iso="C07" to="J"/>
		<map iso="C08" to="K"/>
		<map iso="C09" to="L"/>
		<map iso="C10" to="Ł"/> <!-- ; -->
		<map iso="C11" to="Ą"/> <!-- ' -->
		<map iso="B01" to="Y"/> <!-- Z -->
		<map iso="B02" to="X"/>
		<map iso="B03" to="C"/>
		<map iso="B04" to="V"/>
		<map iso="B05" to="B"/>
		<map iso="B06" to="N"/>
		<map iso="B07" to="M"/>
		<map iso="B08" to="."/> <!-- , -->
		<map iso="B09" to=","/> <!-- . -->
		<map iso="B10" to="-"/> <!-- / -->
		<map iso="A03" to=" "/> <!-- space -->
	</keyMap>
	<keyMap modifiers="opt">
		<map iso="E00" to="«"/> <!-- `  base=< -->
		<map iso="E01" to="&amp;"/> <!-- 1 -->
		<map iso="E02" to="@"/> <!-- 2 -->
		<map iso="E03" to="#"/> <!-- 3 -->
		<map iso="E04" to="€"/> <!-- 4 -->
		<map iso="E05" to="`"/> <!-- 5 -->
		<map iso="E06" to="™"/> <!-- 6 -->
		<map iso="E07" to="¶"/> <!-- 7 -->
		<map iso="E08" to="•"/> <!-- 8 -->
		<map iso="E09" to="\"/> <!-- 9 -->
		<map iso="E10" to="„"/> <!-- 0 -->
		<map iso="E11" to="‚"/> <!-- -  base=ż -->
		<map iso="E12" to="≠"/> <!-- =  base=[ -->
		<map iso="D01" to="Ū"/> <!-- Q -->
		<map iso="D02" to="∑"/> <!-- W -->
		<map iso="D03" to="´"/> <!-- E -->
		<map iso="D04" to="®"/> <!-- R -->
		<map iso="D05" to="†"/> <!-- T -->
		<map iso="D06" to="°"/> <!-- Y  base=z -->
		<map iso="D07" to="¨"/> <!-- U -->
		<map iso="D08" to="^"/> <!-- I -->
		<map iso="D09" to="£"/> <!-- O -->
		<map iso="D10" to="‘"/> <!-- P -->
		<map iso="D11" to="Ó"/> <!-- [ -->
		<map iso="D12" to="{"/> <!-- ]  base=( -->
		<map iso="D13" to="&apos;"/> <!-- \  base=; -->
		<map iso="C01" to="ū"/> <!-- A -->
		<map iso="C02" to="ß"/> <!-- S -->
		<map iso="C03" to="∂"/> <!-- D -->
		<map iso="C04" to="Ů"/> <!-- F -->
		<map iso="C05" to="©"/> <!-- G -->
		<map iso="C06" to="ů"/> <!-- H -->
		<map iso="C07" to="∆"/> <!-- J -->
		<map iso="C08" to="Ű"/> <!-- K -->
		<map iso="C09" to="¬"/> <!-- L -->
		<map iso="C10" to="…"/> <!-- ;  base=ł -->
		<map iso="C11" to="Ą"/> <!-- ' -->
		<map iso="B00" to="§"/> <!-- (key to left of Z)  base=^ -->
		<map iso="B01" to="‹"/> <!-- Z  base=y -->
		<map iso="B02" to="≤"/> <!-- X -->
		<map iso="B03" to="ˇ"/> <!-- C -->
		<map iso="B04" to="√"/> <!-- V -->
		<map iso="B05" to="ű"/> <!-- B -->
		<map iso="B06" to="~"/> <!-- N -->
		<map iso="B07" to="Ų"/> <!-- M -->
		<map iso="B08" to="ų"/> <!-- ,  base=. -->
		<map iso="B09" to="Ģ"/> <!-- .  base=, -->
		<map iso="B10" to="—"/> <!-- /  base=- -->
		<map iso="A03" to="\u{A0}"/> <!-- space -->
	</keyMap>
	<keyMap modifiers="opt+shift+cmd?+caps?">
		<map iso="E00" to="»"/> <!-- `  base=< -->
		<map iso="E01" to="Ā"/> <!-- 1 -->
		<map iso="E02" to="ā"/> <!-- 2 -->
		<map iso="E03" to="ď"/> <!-- 3 -->
		<map iso="E04" to="Ē"/> <!-- 4 -->
		<map iso="E05" to="ē"/> <!-- 5 -->
		<map iso="E06" to="ķ"/> <!-- 6 -->
		<map iso="E07" to="°"/> <!-- 7 -->
		<map iso="E08" to="–"/> <!-- 8 -->
		<map iso="E09" to="|"/> <!-- 9 -->
		<map iso="E10" to="”"/> <!-- 0 -->
		<map iso="E11" to="’"/> <!-- -  base=ż -->
		<map iso="E12" to="÷"/> <!-- =  base=[ -->
		<map iso="D01" to="Ė"/> <!-- Q -->
		<map iso="D02" to="ė"/> <!-- W -->
		<map iso="D03" to="Į"/> <!-- E -->
		<map iso="D04" to="į"/> <!-- R -->
		<map iso="D05" to="Ī"/> <!-- T -->
		<map iso="D06" to="ī"/> <!-- Y  base=z -->
		<map iso="D07" to="Ķ"/> <!-- U -->
		<map iso="D08" to="Ļ"/> <!-- I -->
		<map iso="D09" to="ļ"/> <!-- O -->
		<map iso="D10" to="“"/> <!-- P -->
		<map iso="D11" to="Ź"/> <!-- [  base=ó -->
		<map iso="D12" to="}"/> <!-- ]  base=( -->
		<map iso="D13" to="~" transform="no"/> <!-- \  base=; -->
		<map iso="C01" to="Ľ"/> <!-- A -->
		<map iso="C02" to="ľ"/> <!-- S -->
		<map iso="C03" to="Ņ"/> <!-- D -->
		<map iso="C04" to="ņ"/> <!-- F -->
		<map iso="C05" to="Ő"/> <!-- G -->
		<map iso="C06" to="Ō"/> <!-- H -->
		<map iso="C07" to="ō"/> <!-- J -->
		<map iso="C08" to="Ŕ"/> <!-- K -->
		<map iso="C09" to="ŕ"/> <!-- L -->
		<map iso="C10" to="ť"/> <!-- ;  base=ł -->
		<map iso="C11" to="Ę"/> <!-- '  base=ą -->
		<map iso="B00" to="§"/> <!-- (key to left of Z)  base=^ -->
		<map iso="B01" to="›"/> <!-- Z  base=y -->
		<map iso="B02" to="≥"/> <!-- X -->
		<map iso="B03" to="Ŗ"/> <!-- C -->
		<map iso="B04" to="◊"/> <!-- V -->
		<map iso="B05" to="ŗ"/> <!-- B -->
		<map iso="B06" to="Ý"/> <!-- N -->
		<map iso="B07" to="ý"/> <!-- M -->
		<map iso="B08" to="Ś"/> <!-- ,  base=. -->
		<map iso="B09" to="Ń"/> <!-- .  base=, -->
		<map iso="B10" to="Ć"/> <!-- /  base=- -->
		<map iso="A03" to="\u{A0}"/> <!-- space -->
	</keyMap>
	<keyMap modifiers="opt+caps+cmd?">
		<map iso="E00" to="«"/> <!-- `  base=< -->
		<map iso="E01" to="&amp;"/> <!-- 1 -->
		<map iso="E02" to="@"/> <!-- 2 -->
		<map iso="E03" to="#"/> <!-- 3 -->
		<map iso="E04" to="£"/> <!-- 4 -->
		<map iso="E05" to="`"/> <!-- 5 -->
		<map iso="E06" to="™"/> <!-- 6 -->
		<map iso="E07" to="¶"/> <!-- 7 -->
		<map iso="E08" to="•"/> <!-- 8 -->
		<map iso="E09" to="\"/> <!-- 9 -->
		<map iso="E10" to="„"/> <!-- 0 -->
		<map iso="E11" to="‚"/> <!-- -  base=ż -->
		<map iso="E12" to="≠"/> <!-- =  base=[ -->
		<map iso="D01" to="ő"/> <!-- Q -->
		<map iso="D02" to="„"/> <!-- W -->
		<map iso="D03" to="š"/> <!-- E -->
		<map iso="D04" to="®"/> <!-- R -->
		<map iso="D05" to="ś"/> <!-- T -->
		<map iso="D06" to="Á"/> <!-- Y  base=z -->
		<map iso="D07" to="Ť"/> <!-- U -->
		<map iso="D08" to="ť"/> <!-- I -->
		<map iso="D09" to="Į"/> <!-- O -->
		<map iso="D10" to="‘"/> <!-- P -->
		<map iso="D11" to="Ź"/> <!-- [  base=ó -->
		<map iso="D12" to="{"/> <!-- ]  base=( -->
		<map iso="D13" to="&apos;"/> <!-- \  base=; -->
		<map iso="C01" to="Ā"/> <!-- A -->
		<map iso="C02" to="Í"/> <!-- S -->
		<map iso="C03" to="Ž"/> <!-- D -->
		<map iso="C04" to="ž"/> <!-- F -->
		<map iso="C05" to="©"/> <!-- G -->
		<map iso="C06" to="Ó"/> <!-- H -->
		<map iso="C07" to="Ô"/> <!-- J -->
		<map iso="C08" to="ū"/> <!-- K -->
		<map iso="C09" to="Ů"/> <!-- L -->
		<map iso="C10" to="…"/> <!-- ;  base=ł -->
		<map iso="C11" to="Ę"/> <!-- '  base=ą -->
		<map iso="B01" to="‹"/> <!-- Z  base=y -->
		<map iso="B02" to="≤"/> <!-- X -->
		<map iso="B03" to="ā"/> <!-- C -->
		<map iso="B04" to="◊"/> <!-- V -->
		<map iso="B05" to="ű"/> <!-- B -->
		<map iso="B06" to="Ų"/> <!-- N -->
		<map iso="B07" to="—"/> <!-- M -->
		<map iso="B08" to="Ś"/> <!-- ,  base=. -->
		<map iso="B09" to="Ń"/> <!-- .  base=, -->
		<map iso="B10" to="Ć"/> <!-- /  base=- -->
		<map iso="A03" to="\u{A0}"/> <!-- space -->
	</keyMap>
	<keyMap modifiers="ctrl+opt?+caps?+shift? ctrl+cmd?+opt?+shift? ctrl+cmd?+opt?+caps? cmd+ctrlR+opt+caps+shift cmd+ctrlL+opt+caps+shift cmd+ctrl+caps+shift+optR? cmd+ctrl+caps+shift+optL? cmd+ctrl+opt+caps+shiftR? cmd+ctrl+opt+caps+shiftL?">
		<map iso="E00" to="`"/> <!--   base=< -->
		<map iso="E01" to="1"/>
		<map iso="E02" to="2"/>
		<map iso="E03" to="3"/>
		<map iso="E04" to="4"/>
		<map iso="E05" to="5"/>
		<map iso="E06" to="6"/>
		<map iso="E07" to="7"/>
		<map iso="E08" to="8"/>
		<map iso="E09" to="9"/>
		<map iso="E10" to="0"/>
		<map iso="E11" to="\u{1F}"/> <!-- -  base=ż -->
		<map iso="E12" to="="/> <!--   base=[ -->
		<map iso="D01" to="\u{11}"/> <!-- Q -->
		<map iso="D02" to="\u{17}"/> <!-- W -->
		<map iso="D03" to="\u{5}"/> <!-- E -->
		<map iso="D04" to="\u{12}"/> <!-- R -->
		<map iso="D05" to="\u{14}"/> <!-- T -->
		<map iso="D06" to="\u{19}"/> <!-- Y  base=z -->
		<map iso="D07" to="\u{15}"/> <!-- U -->
		<map iso="D08" to="\u{9}"/> <!-- I -->
		<map iso="D09" to="\u{F}"/> <!-- O -->
		<map iso="D10" to="\u{10}"/> <!-- P -->
		<map iso="D11" to="\u{1B}"/> <!-- [  base=ó -->
		<map iso="D12" to="\u{1D}"/> <!-- ]  base=( -->
		<map iso="D13" to="\u{1C}"/> <!-- \  base=; -->
		<map iso="C01" to="\u{1}"/> <!-- A -->
		<map iso="C02" to="\u{13}"/> <!-- S -->
		<map iso="C03" to="\u{4}"/> <!-- D -->
		<map iso="C04" to="\u{6}"/> <!-- F -->
		<map iso="C05" to="\u{7}"/> <!-- G -->
		<map iso="C06" to="\u{8}"/> <!-- H -->
		<map iso="C07" to="\u{A}"/> <!-- J -->
		<map iso="C08" to="\u{B}"/> <!-- K -->
		<map iso="C09" to="\u{C}"/> <!-- L -->
		<map iso="C10" to=";"/> <!--   base=ł -->
		<map iso="C11" to="&apos;"/> <!--   base=ą -->
		<map iso="B00" to="0"/> <!-- (key to left of Z)  base=^ -->
		<map iso="B01" to="\u{1A}"/> <!-- Z  base=y -->
		<map iso="B02" to="\u{18}"/> <!-- X -->
		<map iso="B03" to="\u{3}"/> <!-- C -->
		<map iso="B04" to="\u{16}"/> <!-- V -->
		<map iso="B05" to="\u{2}"/> <!-- B -->
		<map iso="B06" to="\u{E}"/> <!-- N -->
		<map iso="B07" to="\u{D}"/> <!-- M -->
		<map iso="B08" to=","/> <!--   base=. -->
		<map iso="B09" to="."/> <!--   base=, -->
		<map iso="B10" to="/"/> <!--   base=- -->
		<map iso="A03" to=" "/> <!-- space -->
	</keyMap>
	<keyMap modifiers="cmd+opt">
		<map iso="E00" to="`"/> <!--   base=< -->
		<map iso="E01" to="Ń"/> <!-- 1 -->
		<map iso="E02" to="™"/> <!-- 2 -->
		<map iso="E03" to="£"/> <!-- 3 -->
		<map iso="E04" to="Ę"/> <!-- 4 -->
		<map iso="E05" to="į"/> <!-- 5 -->
		<map iso="E06" to="§"/> <!-- 6 -->
		<map iso="E07" to="¶"/> <!-- 7 -->
		<map iso="E08" to="•"/> <!-- 8 -->
		<map iso="E09" to="Ľ"/> <!-- 9 -->
		<map iso="E10" to="ľ"/> <!-- 0 -->
		<map iso="E11" to="–"/> <!-- -  base=ż -->
		<map iso="E12" to="≠"/> <!-- =  base=[ -->
		<map iso="D01" to="Ō"/> <!-- Q -->
		<map iso="D02" to="∑"/> <!-- W -->
		<map iso="D03" to="ę"/> <!-- E -->
		<map iso="D04" to="®"/> <!-- R -->
		<map iso="D05" to="†"/> <!-- T -->
		<map iso="D06" to="ī"/> <!-- Y  base=z -->
		<map iso="D07" to="¨" transform="no"/> <!-- U -->
		<map iso="D08" to="^" transform="no"/> <!-- I -->
		<map iso="D09" to="Ņ"/> <!-- O -->
		<map iso="D10" to="Ļ"/> <!-- P -->
		<map iso="D11" to="“"/> <!-- [  base=ó -->
		<map iso="D12" to="‘"/> <!-- ]  base=( -->
		<map iso="D13" to="«"/> <!-- \  base=; -->
		<map iso="C01" to="Ć"/> <!-- A -->
		<map iso="C02" to="ß"/> <!-- S -->
		<map iso="C03" to="∂"/> <!-- D -->
		<map iso="C04" to="ń"/> <!-- F -->
		<map iso="C05" to="©"/> <!-- G -->
		<map iso="C06" to="ķ"/> <!-- H -->
		<map iso="C07" to="∆"/> <!-- J -->
		<map iso="C08" to="Ż"/> <!-- K -->
		<map iso="C09" to="¬"/> <!-- L -->
		<map iso="C10" to="…"/> <!-- ;  base=ł -->
		<map iso="C11" to="ĺ"/> <!-- '  base=ą -->
		<map iso="B01" to="Ĺ"/> <!-- Z  base=y -->
		<map iso="B02" to="Ň"/> <!-- X -->
		<map iso="B03" to="ć"/> <!-- C -->
		<map iso="B04" to="√"/> <!-- V -->
		<map iso="B05" to="ļ"/> <!-- B -->
		<map iso="B06" to="~" transform="no"/> <!-- N -->
		<map iso="B07" to="Ķ"/> <!-- M -->
		<map iso="B08" to="≤"/> <!-- ,  base=. -->
		<map iso="B09" to="≥"/> <!-- .  base=, -->
		<map iso="B10" to="÷"/> <!-- /  base=- -->
		<map iso="A03" to="\u{A0}"/> <!-- space -->
	</keyMap>
	<transforms type="simple">
		<transform from="´ " to="´"/>
		<transform from="´a" to="á"/>
		<transform from="´A" to="Á"/>
		<transform from="´e" to="é"/>
		<transform from="´E" to="É"/>
		<transform from="´g" to="ģ"/>
		<transform from="´i" to="í"/>
		<transform from="´I" to="Í"/>
		<transform from="´l" to="ĺ"/>
		<transform from="´L" to="Ĺ"/>
		<transform from="´u" to="ú"/>
		<transform from="´U" to="Ú"/>
		<transform from="^ " to="^"/>
		<transform from="^o" to="ô"/>
		<transform from="^O" to="Ô"/>
		<transform from="¨ " to="¨"/>
		<transform from="¨a" to="ä"/>
		<transform from="¨A" to="Ä"/>
		<transform from="¨o" to="ö"/>
		<transform from="¨O" to="Ö"/>
		<transform from="¨u" to="ü"/>
		<transform from="¨U" to="Ü"/>
		<transform from="ˇ " to="ˇ"/>
		<transform from="ˇc" to="č"/>
		<transform from="ˇC" to="Č"/>
		<transform from="ˇD" to="Ď"/>
		<transform from="ˇe" to="ě"/>
		<transform from="ˇE" to="Ě"/>
		<transform from="ˇn" to="ň"/>
		<transform from="ˇN" to="Ň"/>
		<transform from="ˇr" to="ř"/>
		<transform from="ˇR" to="Ř"/>
		<transform from="ˇs" to="š"/>
		<transform from="ˇS" to="Š"/>
		<transform from="ˇT" to="Ť"/>
		<transform from="ˇz" to="ž"/>
		<transform from="ˇZ" to="Ž"/>
		<transform from="~ " to="~"/>
		<transform from="~o" to="õ"/>
		<transform from="~O" to="Õ"/>
	</transforms>
</keyboard>

