<?xml version="1.0" encoding="UTF-8" ?>
<!DOCTYPE keyboard SYSTEM "../dtd/ldmlKeyboard.dtd">
<keyboard locale="sr-t-k0-osx">
	<version platform="10.9" number="$Revision$"/>
	<names>
		<name value="Serbian"/>
	</names>
	<keyMap>
		<map iso="E00" to="&lt;"/> <!-- ` -->
		<map iso="E01" to="1"/>
		<map iso="E02" to="2"/>
		<map iso="E03" to="3"/>
		<map iso="E04" to="4"/>
		<map iso="E05" to="5"/>
		<map iso="E06" to="6"/>
		<map iso="E07" to="7"/>
		<map iso="E08" to="8"/>
		<map iso="E09" to="9"/>
		<map iso="E10" to="0"/>
		<map iso="E11" to="’"/> <!-- - -->
		<map iso="E12" to="+"/> <!-- = -->
		<map iso="D01" to="љ"/> <!-- Q -->
		<map iso="D02" to="њ"/> <!-- W -->
		<map iso="D03" to="е"/> <!-- E -->
		<map iso="D04" to="р"/> <!-- R -->
		<map iso="D05" to="т"/> <!-- T -->
		<map iso="D06" to="з"/> <!-- Y -->
		<map iso="D07" to="у"/> <!-- U -->
		<map iso="D08" to="и"/> <!-- I -->
		<map iso="D09" to="о"/> <!-- O -->
		<map iso="D10" to="п"/> <!-- P -->
		<map iso="D11" to="ш"/> <!-- [ -->
		<map iso="D12" to="ђ"/> <!-- ] -->
		<map iso="D13" to="ж"/> <!-- \ -->
		<map iso="C01" to="а"/> <!-- A -->
		<map iso="C02" to="с"/> <!-- S -->
		<map iso="C03" to="д"/> <!-- D -->
		<map iso="C04" to="ф"/> <!-- F -->
		<map iso="C05" to="г"/> <!-- G -->
		<map iso="C06" to="х"/> <!-- H -->
		<map iso="C07" to="ј"/> <!-- J -->
		<map iso="C08" to="к"/> <!-- K -->
		<map iso="C09" to="л"/> <!-- L -->
		<map iso="C10" to="ч"/> <!-- ; -->
		<map iso="C11" to="ћ"/> <!-- ' -->
		<map iso="B00" to="§"/> <!-- (key to left of Z) -->
		<map iso="B01" to="ѕ"/> <!-- Z -->
		<map iso="B02" to="џ"/> <!-- X -->
		<map iso="B03" to="ц"/> <!-- C -->
		<map iso="B04" to="в"/> <!-- V -->
		<map iso="B05" to="б"/> <!-- B -->
		<map iso="B06" to="н"/> <!-- N -->
		<map iso="B07" to="м"/> <!-- M -->
		<map iso="B08" to=","/>
		<map iso="B09" to="."/>
		<map iso="B10" to="-"/> <!-- / -->
		<map iso="A03" to=" "/> <!-- space -->
	</keyMap>
	<keyMap modifiers="shift caps+shiftR+shiftL?">
		<map iso="E00" to="&gt;"/> <!-- `  base=< -->
		<map iso="E01" to="!"/> <!-- 1 -->
		<map iso="E02" to="”"/> <!-- 2 -->
		<map iso="E03" to="#"/> <!-- 3 -->
		<map iso="E04" to="$"/> <!-- 4 -->
		<map iso="E05" to="%"/> <!-- 5 -->
		<map iso="E06" to="&amp;"/> <!-- 6 -->
		<map iso="E07" to="/"/> <!-- 7 -->
		<map iso="E08" to="("/> <!-- 8 -->
		<map iso="E09" to=")"/> <!-- 9 -->
		<map iso="E10" to="="/> <!-- 0 -->
		<map iso="E11" to="?"/> <!-- -  base=’ -->
		<map iso="E12" to="*"/> <!-- =  base=+ -->
		<map iso="D01" to="Љ"/> <!-- Q -->
		<map iso="D02" to="Њ"/> <!-- W -->
		<map iso="D03" to="Е"/> <!-- E -->
		<map iso="D04" to="Р"/> <!-- R -->
		<map iso="D05" to="Т"/> <!-- T -->
		<map iso="D06" to="З"/> <!-- Y -->
		<map iso="D07" to="У"/> <!-- U -->
		<map iso="D08" to="И"/> <!-- I -->
		<map iso="D09" to="О"/> <!-- O -->
		<map iso="D10" to="П"/> <!-- P -->
		<map iso="D11" to="Ш"/> <!-- [ -->
		<map iso="D12" to="Ђ"/> <!-- ] -->
		<map iso="D13" to="Ж"/> <!-- \ -->
		<map iso="C01" to="А"/> <!-- A -->
		<map iso="C02" to="С"/> <!-- S -->
		<map iso="C03" to="Д"/> <!-- D -->
		<map iso="C04" to="Ф"/> <!-- F -->
		<map iso="C05" to="Г"/> <!-- G -->
		<map iso="C06" to="Х"/> <!-- H -->
		<map iso="C07" to="Ј"/> <!-- J -->
		<map iso="C08" to="К"/> <!-- K -->
		<map iso="C09" to="Л"/> <!-- L -->
		<map iso="C10" to="Ч"/> <!-- ; -->
		<map iso="C11" to="Ћ"/> <!-- ' -->
		<map iso="B00" to="±"/> <!-- (key to left of Z)  base=§ -->
		<map iso="B01" to="Ѕ"/> <!-- Z -->
		<map iso="B02" to="Џ"/> <!-- X -->
		<map iso="B03" to="Ц"/> <!-- C -->
		<map iso="B04" to="В"/> <!-- V -->
		<map iso="B05" to="Б"/> <!-- B -->
		<map iso="B06" to="Н"/> <!-- N -->
		<map iso="B07" to="М"/> <!-- M -->
		<map iso="B08" to=";"/> <!-- , -->
		<map iso="B09" to=":"/> <!-- . -->
		<map iso="B10" to="_"/> <!-- /  base=- -->
		<map iso="A03" to=" "/> <!-- space -->
	</keyMap>
	<keyMap modifiers="caps">
		<map iso="E00" to="&lt;"/> <!-- ` -->
		<map iso="E01" to="1"/>
		<map iso="E02" to="2"/>
		<map iso="E03" to="3"/>
		<map iso="E04" to="4"/>
		<map iso="E05" to="5"/>
		<map iso="E06" to="6"/>
		<map iso="E07" to="7"/>
		<map iso="E08" to="8"/>
		<map iso="E09" to="9"/>
		<map iso="E10" to="0"/>
		<map iso="E11" to="‘"/> <!-- -  base=’ -->
		<map iso="E12" to="+"/> <!-- = -->
		<map iso="D01" to="Љ"/> <!-- Q -->
		<map iso="D02" to="Њ"/> <!-- W -->
		<map iso="D03" to="Е"/> <!-- E -->
		<map iso="D04" to="Р"/> <!-- R -->
		<map iso="D05" to="Т"/> <!-- T -->
		<map iso="D06" to="З"/> <!-- Y -->
		<map iso="D07" to="У"/> <!-- U -->
		<map iso="D08" to="И"/> <!-- I -->
		<map iso="D09" to="О"/> <!-- O -->
		<map iso="D10" to="П"/> <!-- P -->
		<map iso="D11" to="Ш"/> <!-- [ -->
		<map iso="D12" to="Ђ"/> <!-- ] -->
		<map iso="D13" to="Ж"/> <!-- \ -->
		<map iso="C01" to="А"/> <!-- A -->
		<map iso="C02" to="С"/> <!-- S -->
		<map iso="C03" to="Д"/> <!-- D -->
		<map iso="C04" to="Ф"/> <!-- F -->
		<map iso="C05" to="Г"/> <!-- G -->
		<map iso="C06" to="Х"/> <!-- H -->
		<map iso="C07" to="Ј"/> <!-- J -->
		<map iso="C08" to="К"/> <!-- K -->
		<map iso="C09" to="Л"/> <!-- L -->
		<map iso="C10" to="Ч"/> <!-- ; -->
		<map iso="C11" to="Ћ"/> <!-- ' -->
		<map iso="B00" to="§"/> <!-- (key to left of Z) -->
		<map iso="B01" to="Ѕ"/> <!-- Z -->
		<map iso="B02" to="Џ"/> <!-- X -->
		<map iso="B03" to="Ц"/> <!-- C -->
		<map iso="B04" to="В"/> <!-- V -->
		<map iso="B05" to="Б"/> <!-- B -->
		<map iso="B06" to="Н"/> <!-- N -->
		<map iso="B07" to="М"/> <!-- M -->
		<map iso="B08" to=","/>
		<map iso="B09" to="."/>
		<map iso="B10" to="-"/> <!-- / -->
		<map iso="A03" to=" "/> <!-- space -->
	</keyMap>
	<keyMap modifiers="caps+shiftL optR+caps+optL?">
		<map iso="E00" to="&gt;"/> <!-- `  base=< -->
		<map iso="E01" to="!"/> <!-- 1 -->
		<map iso="E02" to="\u{22}"/> <!-- 2  to= "  -->
		<map iso="E03" to="#"/> <!-- 3 -->
		<map iso="E04" to="$"/> <!-- 4 -->
		<map iso="E05" to="%"/> <!-- 5 -->
		<map iso="E06" to="&amp;"/> <!-- 6 -->
		<map iso="E07" to="/"/> <!-- 7 -->
		<map iso="E08" to="("/> <!-- 8 -->
		<map iso="E09" to=")"/> <!-- 9 -->
		<map iso="E10" to="="/> <!-- 0 -->
		<map iso="E11" to="?"/> <!-- -  base=’ -->
		<map iso="E12" to="*"/> <!-- =  base=+ -->
		<map iso="D01" to="љ"/> <!-- Q -->
		<map iso="D02" to="њ"/> <!-- W -->
		<map iso="D03" to="е"/> <!-- E -->
		<map iso="D04" to="р"/> <!-- R -->
		<map iso="D05" to="т"/> <!-- T -->
		<map iso="D06" to="з"/> <!-- Y -->
		<map iso="D07" to="у"/> <!-- U -->
		<map iso="D08" to="и"/> <!-- I -->
		<map iso="D09" to="о"/> <!-- O -->
		<map iso="D10" to="п"/> <!-- P -->
		<map iso="D11" to="ш"/> <!-- [ -->
		<map iso="D12" to="ђ"/> <!-- ] -->
		<map iso="D13" to="ж"/> <!-- \ -->
		<map iso="C01" to="а"/> <!-- A -->
		<map iso="C02" to="с"/> <!-- S -->
		<map iso="C03" to="д"/> <!-- D -->
		<map iso="C04" to="ф"/> <!-- F -->
		<map iso="C05" to="г"/> <!-- G -->
		<map iso="C06" to="х"/> <!-- H -->
		<map iso="C07" to="ј"/> <!-- J -->
		<map iso="C08" to="к"/> <!-- K -->
		<map iso="C09" to="л"/> <!-- L -->
		<map iso="C10" to="ч"/> <!-- ; -->
		<map iso="C11" to="ћ"/> <!-- ' -->
		<map iso="B00" to="§"/> <!-- (key to left of Z) -->
		<map iso="B01" to="ѕ"/> <!-- Z -->
		<map iso="B02" to="џ"/> <!-- X -->
		<map iso="B03" to="ц"/> <!-- C -->
		<map iso="B04" to="в"/> <!-- V -->
		<map iso="B05" to="б"/> <!-- B -->
		<map iso="B06" to="н"/> <!-- N -->
		<map iso="B07" to="м"/> <!-- M -->
		<map iso="B08" to=";"/> <!-- , -->
		<map iso="B09" to=":"/> <!-- . -->
		<map iso="B10" to="_"/> <!-- /  base=- -->
		<map iso="A03" to="\u{A0}"/> <!-- space -->
	</keyMap>
	<keyMap modifiers="optL+caps opt+shift+caps? cmd+optR+shift+optL?+caps? cmd+opt+shiftR+caps?+shiftL?">
		<map iso="E00" to="~"/> <!-- `  base=< -->
		<map iso="E01" to="!"/> <!-- 1 -->
		<map iso="E02" to="@"/> <!-- 2 -->
		<map iso="E03" to="#"/> <!-- 3 -->
		<map iso="E04" to="“"/> <!-- 4 -->
		<map iso="E05" to="%"/> <!-- 5 -->
		<map iso="E06" to="^"/> <!-- 6 -->
		<map iso="E07" to="&amp;"/> <!-- 7 -->
		<map iso="E08" to="*"/> <!-- 8 -->
		<map iso="E09" to="("/> <!-- 9 -->
		<map iso="E10" to=")"/> <!-- 0 -->
		<map iso="E11" to="—"/> <!-- -  base=’ -->
		<map iso="E12" to="+"/> <!-- = -->
		<map iso="D01" to="Q"/> <!--   base=љ -->
		<map iso="D02" to="W"/> <!--   base=њ -->
		<map iso="D03" to="E"/> <!--   base=е -->
		<map iso="D04" to="R"/> <!--   base=р -->
		<map iso="D05" to="T"/> <!--   base=т -->
		<map iso="D06" to="Y"/> <!--   base=з -->
		<map iso="D07" to="U"/> <!--   base=у -->
		<map iso="D08" to="I"/> <!--   base=и -->
		<map iso="D09" to="O"/> <!--   base=о -->
		<map iso="D10" to="P"/> <!--   base=п -->
		<map iso="D11" to="{"/> <!-- [  base=ш -->
		<map iso="D12" to="}"/> <!-- ]  base=ђ -->
		<map iso="D13" to="’"/> <!-- \  base=ж -->
		<map iso="C01" to="A"/> <!--   base=а -->
		<map iso="C02" to="S"/> <!--   base=с -->
		<map iso="C03" to="D"/> <!--   base=д -->
		<map iso="C04" to="F"/> <!--   base=ф -->
		<map iso="C05" to="G"/> <!--   base=г -->
		<map iso="C06" to="H"/> <!--   base=х -->
		<map iso="C07" to="J"/> <!--   base=ј -->
		<map iso="C08" to="K"/> <!--   base=к -->
		<map iso="C09" to="L"/> <!--   base=л -->
		<map iso="C10" to=":"/> <!-- ;  base=ч -->
		<map iso="C11" to="”"/> <!-- '  base=ћ -->
		<map iso="B00" to="±"/> <!-- (key to left of Z)  base=§ -->
		<map iso="B01" to="Z"/> <!--   base=ѕ -->
		<map iso="B02" to="X"/> <!--   base=џ -->
		<map iso="B03" to="C"/> <!--   base=ц -->
		<map iso="B04" to="V"/> <!--   base=в -->
		<map iso="B05" to="B"/> <!--   base=б -->
		<map iso="B06" to="N"/> <!--   base=н -->
		<map iso="B07" to="M"/> <!--   base=м -->
		<map iso="B08" to="&lt;"/> <!-- , -->
		<map iso="B09" to="&gt;"/> <!-- . -->
		<map iso="B10" to="?"/> <!-- /  base=- -->
		<map iso="A03" to="\u{A0}"/> <!-- space -->
	</keyMap>
	<keyMap modifiers="opt">
		<map iso="E00" to="`"/> <!--   base=< -->
		<map iso="E01" to="†"/> <!-- 1 -->
		<map iso="E02" to="°"/> <!-- 2 -->
		<map iso="E03" to="€"/> <!-- 3 -->
		<map iso="E04" to="„"/> <!-- 4 -->
		<map iso="E05" to="™"/> <!-- 5 -->
		<map iso="E06" to="∞"/> <!-- 6 -->
		<map iso="E07" to="£"/> <!-- 7 -->
		<map iso="E08" to="Ґ"/> <!-- 8 -->
		<map iso="E09" to="¶"/> <!-- 9 -->
		<map iso="E10" to="•"/> <!-- 0 -->
		<map iso="E11" to="–"/> <!-- -  base=’ -->
		<map iso="E12" to="="/> <!--   base=+ -->
		<map iso="D01" to="q"/> <!--   base=љ -->
		<map iso="D02" to="w"/> <!--   base=њ -->
		<map iso="D03" to="e"/> <!--   base=е -->
		<map iso="D04" to="r"/> <!--   base=р -->
		<map iso="D05" to="t"/> <!--   base=т -->
		<map iso="D06" to="y"/> <!--   base=з -->
		<map iso="D07" to="u"/> <!--   base=у -->
		<map iso="D08" to="i"/> <!--   base=и -->
		<map iso="D09" to="o"/> <!--   base=о -->
		<map iso="D10" to="p"/> <!--   base=п -->
		<map iso="D11" to="["/> <!--   base=ш -->
		<map iso="D12" to="]"/> <!--   base=ђ -->
		<map iso="D13" to="‘"/> <!-- \  base=ж -->
		<map iso="C01" to="a"/> <!--   base=а -->
		<map iso="C02" to="s"/> <!--   base=с -->
		<map iso="C03" to="d"/> <!--   base=д -->
		<map iso="C04" to="f"/> <!--   base=ф -->
		<map iso="C05" to="g"/> <!--   base=г -->
		<map iso="C06" to="h"/> <!--   base=х -->
		<map iso="C07" to="j"/> <!--   base=ј -->
		<map iso="C08" to="k"/> <!--   base=к -->
		<map iso="C09" to="l"/> <!--   base=л -->
		<map iso="C10" to=";"/> <!--   base=ч -->
		<map iso="C11" to="\u{22}"/> <!-- '  base=ћ  to= "  -->
		<map iso="B00" to="§"/> <!-- (key to left of Z) -->
		<map iso="B01" to="z"/> <!--   base=ѕ -->
		<map iso="B02" to="x"/> <!--   base=џ -->
		<map iso="B03" to="c"/> <!--   base=ц -->
		<map iso="B04" to="v"/> <!--   base=в -->
		<map iso="B05" to="b"/> <!--   base=б -->
		<map iso="B06" to="n"/> <!--   base=н -->
		<map iso="B07" to="m"/> <!--   base=м -->
		<map iso="B08" to=","/>
		<map iso="B09" to="."/>
		<map iso="B10" to="/"/> <!--   base=- -->
		<map iso="A03" to="\u{A0}"/> <!-- space -->
	</keyMap>
	<keyMap modifiers="ctrl+opt?+caps?+shift? ctrl+cmd?+opt?+shift? ctrl+cmd?+opt?+caps? cmd+ctrlR+opt+caps+shift cmd+ctrlL+opt+caps+shift cmd+ctrl+caps+shift+optR? cmd+ctrl+caps+shift+optL? cmd+ctrl+opt+caps+shiftR? cmd+ctrl+opt+caps+shiftL?">
		<map iso="E00" to="`" transform="no"/> <!--   base=< -->
		<map iso="E01" to="1"/>
		<map iso="E02" to="2"/>
		<map iso="E03" to="3"/>
		<map iso="E04" to="4"/>
		<map iso="E05" to="5"/>
		<map iso="E06" to="6"/>
		<map iso="E07" to="7"/>
		<map iso="E08" to="8"/>
		<map iso="E09" to="9"/>
		<map iso="E10" to="0"/>
		<map iso="E11" to="\u{1F}"/> <!-- -  base=’ -->
		<map iso="E12" to="="/> <!--   base=+ -->
		<map iso="D01" to="\u{11}"/> <!-- Q  base=љ -->
		<map iso="D02" to="\u{17}"/> <!-- W  base=њ -->
		<map iso="D03" to="\u{5}"/> <!-- E  base=е -->
		<map iso="D04" to="\u{12}"/> <!-- R  base=р -->
		<map iso="D05" to="\u{14}"/> <!-- T  base=т -->
		<map iso="D06" to="\u{19}"/> <!-- Y  base=з -->
		<map iso="D07" to="\u{15}"/> <!-- U  base=у -->
		<map iso="D08" to="\u{9}"/> <!-- I  base=и -->
		<map iso="D09" to="\u{F}"/> <!-- O  base=о -->
		<map iso="D10" to="\u{10}"/> <!-- P  base=п -->
		<map iso="D11" to="\u{1B}"/> <!-- [  base=ш -->
		<map iso="D12" to="\u{1D}"/> <!-- ]  base=ђ -->
		<map iso="D13" to="\u{1C}"/> <!-- \  base=ж -->
		<map iso="C01" to="\u{1}"/> <!-- A  base=а -->
		<map iso="C02" to="\u{13}"/> <!-- S  base=с -->
		<map iso="C03" to="\u{4}"/> <!-- D  base=д -->
		<map iso="C04" to="\u{6}"/> <!-- F  base=ф -->
		<map iso="C05" to="\u{7}"/> <!-- G  base=г -->
		<map iso="C06" to="\u{8}"/> <!-- H  base=х -->
		<map iso="C07" to="\u{A}"/> <!-- J  base=ј -->
		<map iso="C08" to="\u{B}"/> <!-- K  base=к -->
		<map iso="C09" to="\u{C}"/> <!-- L  base=л -->
		<map iso="C10" to=";"/> <!--   base=ч -->
		<map iso="C11" to="&apos;"/> <!--   base=ћ -->
		<map iso="B00" to="0"/> <!-- (key to left of Z)  base=§ -->
		<map iso="B01" to="\u{1A}"/> <!-- Z  base=ѕ -->
		<map iso="B02" to="\u{18}"/> <!-- X  base=џ -->
		<map iso="B03" to="\u{3}"/> <!-- C  base=ц -->
		<map iso="B04" to="\u{16}"/> <!-- V  base=в -->
		<map iso="B05" to="\u{2}"/> <!-- B  base=б -->
		<map iso="B06" to="\u{E}"/> <!-- N  base=н -->
		<map iso="B07" to="\u{D}"/> <!-- M  base=м -->
		<map iso="B08" to=","/>
		<map iso="B09" to="."/>
		<map iso="B10" to="/"/> <!--   base=- -->
		<map iso="A03" to=" "/> <!-- space -->
	</keyMap>
	<keyMap modifiers="cmd+caps?+shiftL?">
		<map iso="E00" to="`" transform="no"/> <!--   base=< -->
		<map iso="E01" to="1"/>
		<map iso="E02" to="2"/>
		<map iso="E03" to="3"/>
		<map iso="E04" to="4"/>
		<map iso="E05" to="5"/>
		<map iso="E06" to="6"/>
		<map iso="E07" to="7"/>
		<map iso="E08" to="8"/>
		<map iso="E09" to="9"/>
		<map iso="E10" to="0"/>
		<map iso="E11" to="-"/> <!--   base=’ -->
		<map iso="E12" to="="/> <!--   base=+ -->
		<map iso="D01" to="q"/> <!--   base=љ -->
		<map iso="D02" to="w"/> <!--   base=њ -->
		<map iso="D03" to="e"/> <!--   base=е -->
		<map iso="D04" to="r"/> <!--   base=р -->
		<map iso="D05" to="t"/> <!--   base=т -->
		<map iso="D06" to="y"/> <!--   base=з -->
		<map iso="D07" to="u"/> <!--   base=у -->
		<map iso="D08" to="i"/> <!--   base=и -->
		<map iso="D09" to="o"/> <!--   base=о -->
		<map iso="D10" to="p"/> <!--   base=п -->
		<map iso="D11" to="["/> <!--   base=ш -->
		<map iso="D12" to="]"/> <!--   base=ђ -->
		<map iso="D13" to="\"/> <!--   base=ж -->
		<map iso="C01" to="a"/> <!--   base=а -->
		<map iso="C02" to="s"/> <!--   base=с -->
		<map iso="C03" to="d"/> <!--   base=д -->
		<map iso="C04" to="f"/> <!--   base=ф -->
		<map iso="C05" to="g"/> <!--   base=г -->
		<map iso="C06" to="h"/> <!--   base=х -->
		<map iso="C07" to="j"/> <!--   base=ј -->
		<map iso="C08" to="k"/> <!--   base=к -->
		<map iso="C09" to="l"/> <!--   base=л -->
		<map iso="C10" to=";"/> <!--   base=ч -->
		<map iso="C11" to="&apos;"/> <!--   base=ћ -->
		<map iso="B00" to="§"/> <!-- (key to left of Z) -->
		<map iso="B01" to="z"/> <!--   base=ѕ -->
		<map iso="B02" to="x"/> <!--   base=џ -->
		<map iso="B03" to="c"/> <!--   base=ц -->
		<map iso="B04" to="v"/> <!--   base=в -->
		<map iso="B05" to="b"/> <!--   base=б -->
		<map iso="B06" to="n"/> <!--   base=н -->
		<map iso="B07" to="m"/> <!--   base=м -->
		<map iso="B08" to=","/>
		<map iso="B09" to="."/>
		<map iso="B10" to="/"/> <!--   base=- -->
		<map iso="A03" to=" "/> <!-- space -->
	</keyMap>
	<keyMap modifiers="cmd+optL+shiftL+caps?">
		<map iso="E00" to="`" transform="no"/> <!--   base=< -->
		<map iso="E01" to="Џ"/> <!-- 1 -->
		<map iso="E02" to="џ"/> <!-- 2 -->
		<map iso="E03" to="№"/> <!-- 3 -->
		<map iso="E04" to="Ё"/> <!-- 4 -->
		<map iso="E05" to="ё"/> <!-- 5 -->
		<map iso="E06" to="я"/> <!-- 6 -->
		<map iso="E07" to="а"/> <!-- 7 -->
		<map iso="E08" to="°"/> <!-- 8 -->
		<map iso="E09" to="б"/> <!-- 9 -->
		<map iso="E10" to="в"/> <!-- 0 -->
		<map iso="E11" to="—"/> <!-- -  base=’ -->
		<map iso="E12" to="±"/> <!-- =  base=+ -->
		<map iso="D01" to="ќ"/> <!-- Q  base=љ -->
		<map iso="D02" to="г"/> <!-- W  base=њ -->
		<map iso="D03" to="Ђ"/> <!-- E  base=е -->
		<map iso="D04" to="д"/> <!-- R  base=р -->
		<map iso="D05" to="€"/> <!-- T  base=т -->
		<map iso="D06" to="з"/> <!-- Y -->
		<map iso="D07" to="ђ"/> <!-- U  base=у -->
		<map iso="D08" to="ц"/> <!-- I  base=и -->
		<map iso="D09" to="ѓ"/> <!-- O  base=о -->
		<map iso="D10" to="Є"/> <!-- P  base=п -->
		<map iso="D11" to="”"/> <!-- [  base=ш -->
		<map iso="D12" to="’"/> <!-- ]  base=ђ -->
		<map iso="D13" to="»"/> <!-- \  base=ж -->
		<map iso="C01" to="Б"/> <!-- A  base=а -->
		<map iso="C02" to="к"/> <!-- S  base=с -->
		<map iso="C03" to="л"/> <!-- D  base=д -->
		<map iso="C04" to="м"/> <!-- F  base=ф -->
		<map iso="C05" to="э"/> <!-- G  base=г -->
		<map iso="C06" to="о"/> <!-- H  base=х -->
		<map iso="C07" to="п"/> <!-- J  base=ј -->
		<map iso="C08" to="р"/> <!-- K  base=к -->
		<map iso="C09" to="с"/> <!-- L  base=л -->
		<map iso="C10" to="т"/> <!-- ;  base=ч -->
		<map iso="C11" to="Ѓ"/> <!-- '  base=ћ -->
		<map iso="B00" to="±"/> <!-- (key to left of Z)  base=§ -->
		<map iso="B01" to="ь"/> <!-- Z  base=ѕ -->
		<map iso="B02" to="ю"/> <!-- X  base=џ -->
		<map iso="B03" to="В"/> <!-- C  base=ц -->
		<map iso="B04" to="„"/> <!-- V  base=в -->
		<map iso="B05" to="х"/> <!-- B  base=б -->
		<map iso="B06" to="ч"/> <!-- N  base=н -->
		<map iso="B07" to="е"/> <!-- M  base=м -->
		<map iso="B08" to="ш"/> <!-- , -->
		<map iso="B09" to="щ"/> <!-- . -->
		<map iso="B10" to="ј"/> <!-- /  base=- -->
		<map iso="A03" to="\u{A0}"/> <!-- space -->
	</keyMap>
	<keyMap modifiers="cmd+opt+caps?">
		<map iso="E00" to="`" transform="no"/> <!--   base=< -->
		<map iso="E01" to="Ѕ"/> <!-- 1 -->
		<map iso="E02" to="™"/> <!-- 2 -->
		<map iso="E03" to="£"/> <!-- 3 -->
		<map iso="E04" to="Ґ"/> <!-- 4 -->
		<map iso="E05" to="∞"/> <!-- 5 -->
		<map iso="E06" to="§"/> <!-- 6 -->
		<map iso="E07" to="¶"/> <!-- 7 -->
		<map iso="E08" to="•"/> <!-- 8 -->
		<map iso="E09" to="ї"/> <!-- 9 -->
		<map iso="E10" to="Љ"/> <!-- 0 -->
		<map iso="E11" to="–"/> <!-- -  base=’ -->
		<map iso="E12" to="≠"/> <!-- =  base=+ -->
		<map iso="D01" to="ѕ"/> <!-- Q  base=љ -->
		<map iso="D02" to="Ј"/> <!-- W  base=њ -->
		<map iso="D03" to="Ђ"/> <!-- E  base=е -->
		<map iso="D04" to="®"/> <!-- R  base=р -->
		<map iso="D05" to="†"/> <!-- T  base=т -->
		<map iso="D06" to="і"/> <!-- Y  base=з -->
		<map iso="D07" to="ђ"/> <!-- U  base=у -->
		<map iso="D08" to="^"/> <!-- I  base=и -->
		<map iso="D09" to="њ"/> <!-- O  base=о -->
		<map iso="D10" to="є"/> <!-- P  base=п -->
		<map iso="D11" to="“"/> <!-- [  base=ш -->
		<map iso="D12" to="‘"/> <!-- ]  base=ђ -->
		<map iso="D13" to="«"/> <!-- \  base=ж -->
		<map iso="C01" to="М"/> <!-- A  base=а -->
		<map iso="C02" to="І"/> <!-- S  base=с -->
		<map iso="C03" to="ґ"/> <!-- D  base=д -->
		<map iso="C04" to="ƒ"/> <!-- F  base=ф -->
		<map iso="C05" to="©"/> <!-- G  base=г -->
		<map iso="C06" to="ъ"/> <!-- H  base=х -->
		<map iso="C07" to="∆"/> <!-- J  base=ј -->
		<map iso="C08" to="ы"/> <!-- K  base=к -->
		<map iso="C09" to="¬"/> <!-- L  base=л -->
		<map iso="C10" to="…"/> <!-- ;  base=ч -->
		<map iso="C11" to="Њ"/> <!-- '  base=ћ -->
		<map iso="B00" to="§"/> <!-- (key to left of Z) -->
		<map iso="B01" to="љ"/> <!-- Z  base=ѕ -->
		<map iso="B02" to="≈"/> <!-- X  base=џ -->
		<map iso="B03" to="Н"/> <!-- C  base=ц -->
		<map iso="B04" to="√"/> <!-- V  base=в -->
		<map iso="B05" to="Ї"/> <!-- B  base=б -->
		<map iso="B06" to="~" transform="no"/> <!-- N  base=н -->
		<map iso="B07" to="µ"/> <!-- M  base=м -->
		<map iso="B08" to="≤"/> <!-- , -->
		<map iso="B09" to="≥"/> <!-- . -->
		<map iso="B10" to="÷"/> <!-- /  base=- -->
		<map iso="A03" to="\u{A0}"/> <!-- space -->
	</keyMap>
	<transforms type="simple">
		<transform from="` " to="`"/>
		<transform from="`–" to="¬"/>
		<transform from="`." to="…"/>
		<transform from="`‘" to="\"/>
		<transform from="`/" to="÷"/>
		<transform from="`=" to="≈"/>
		<transform from="`e" to="ё"/>
		<transform from="`f" to="ƒ"/>
		<transform from="`i" to="ї"/>
		<transform from="`j" to="ј"/>
		<transform from="`k" to="ќ"/>
		<transform from="`m" to="µ"/>
		<transform from="`o" to="є"/>
		<transform from="`r" to="ґ"/>
		<transform from="`y" to="ў"/>
		<transform from="&gt; " to="&gt;"/>
		<transform from="&gt;&gt;" to="»"/>
		<transform from="&gt;А" to="Я"/>
		<transform from="&gt;Г" to="Ѓ"/>
		<transform from="&gt;Е" to="э"/>
		<transform from="&gt;И" to="Й"/>
		<transform from="&gt;Ј" to="Ь"/>
		<transform from="&gt;О" to="Ы"/>
		<transform from="&gt;У" to="ю"/>
		<transform from="&gt;Х" to="Ъ"/>
		<transform from="&gt;Ш" to="Щ"/>
		<transform from="~ " to="~"/>
		<transform from="~’" to="|"/>
		<transform from="~+" to="±"/>
		<transform from="~&lt;" to="≤"/>
		<transform from="~=" to="≠"/>
		<transform from="~&gt;" to="≥"/>
		<transform from="~C" to="©"/>
		<transform from="~D" to="∆"/>
		<transform from="~E" to="Ё"/>
		<transform from="~I" to="Ї"/>
		<transform from="~K" to="Ќ"/>
		<transform from="~N" to="№"/>
		<transform from="~O" to="Є"/>
		<transform from="~R" to="®"/>
		<transform from="~V" to="√"/>
		<transform from="~Y" to="Ў"/>
	</transforms>
</keyboard>

