<?xml version="1.0" encoding="UTF-8" ?>
<!DOCTYPE keyboard SYSTEM "../dtd/ldmlKeyboard.dtd">
<keyboard locale="ur-t-k0-osx">
	<version platform="10.9" number="$Revision$"/>
	<names>
		<name value="Urdu"/>
	</names>
	<keyMap>
		<map iso="E00" to="\u{64D}"/> <!-- `  to= ٍ  -->
		<map iso="E01" to="۱"/> <!-- 1 -->
		<map iso="E02" to="۲"/> <!-- 2 -->
		<map iso="E03" to="۳"/> <!-- 3 -->
		<map iso="E04" to="۴"/> <!-- 4 -->
		<map iso="E05" to="۵"/> <!-- 5 -->
		<map iso="E06" to="۶"/> <!-- 6 -->
		<map iso="E07" to="۷"/> <!-- 7 -->
		<map iso="E08" to="۸"/> <!-- 8 -->
		<map iso="E09" to="۹"/> <!-- 9 -->
		<map iso="E10" to="۰"/> <!-- 0 -->
		<map iso="E11" to="أ"/> <!-- - -->
		<map iso="E12" to="ؤ"/> <!-- = -->
		<map iso="D01" to="ق"/> <!-- Q -->
		<map iso="D02" to="و"/> <!-- W -->
		<map iso="D03" to="ع"/> <!-- E -->
		<map iso="D04" to="ر"/> <!-- R -->
		<map iso="D05" to="ت"/> <!-- T -->
		<map iso="D06" to="ے"/> <!-- Y -->
		<map iso="D07" to="ئ"/> <!-- U -->
		<map iso="D08" to="ی"/> <!-- I -->
		<map iso="D09" to="ہ"/> <!-- O -->
		<map iso="D10" to="پ"/> <!-- P -->
		<map iso="D11" to="["/>
		<map iso="D12" to="]"/>
		<map iso="D13" to="؎"/> <!-- \ -->
		<map iso="C01" to="ا"/> <!-- A -->
		<map iso="C02" to="س"/> <!-- S -->
		<map iso="C03" to="د"/> <!-- D -->
		<map iso="C04" to="ف"/> <!-- F -->
		<map iso="C05" to="گ"/> <!-- G -->
		<map iso="C06" to="ھ"/> <!-- H -->
		<map iso="C07" to="ج"/> <!-- J -->
		<map iso="C08" to="ک"/> <!-- K -->
		<map iso="C09" to="ل"/> <!-- L -->
		<map iso="C10" to="؛"/> <!-- ; -->
		<map iso="C11" to="."/> <!-- ' -->
		<map iso="B00" to="\u{3}"/> <!-- (key to left of Z) -->
		<map iso="B01" to="ز"/> <!-- Z -->
		<map iso="B02" to="ش"/> <!-- X -->
		<map iso="B03" to="چ"/> <!-- C -->
		<map iso="B04" to="ط"/> <!-- V -->
		<map iso="B05" to="ب"/> <!-- B -->
		<map iso="B06" to="ن"/> <!-- N -->
		<map iso="B07" to="م"/> <!-- M -->
		<map iso="B08" to="،"/> <!-- , -->
		<map iso="B09" to="۔"/> <!-- . -->
		<map iso="B10" to="\u{652}"/> <!-- /  to= ْ  -->
		<map iso="A03" to=" "/> <!-- space -->
	</keyMap>
	<keyMap modifiers="shift+caps?">
		<map iso="E00" to="\u{64B}"/> <!-- `  base=ٍ  to= ً  -->
		<map iso="E01" to="!"/> <!-- 1  base=۱ -->
		<map iso="E02" to="٫"/> <!-- 2  base=۲ -->
		<map iso="E03" to="؍"/> <!-- 3  base=۳ -->
		<map iso="E04" to="ء"/> <!-- 4  base=۴ -->
		<map iso="E05" to="ي"/> <!-- 5  base=۵ -->
		<map iso="E06" to="ﷺ"/> <!-- 6  base=۶ -->
		<map iso="E07" to="ٴ"/> <!-- 7  base=۷ -->
		<map iso="E08" to="\u{670}"/> <!-- 8  base=۸  to= ٰ  -->
		<map iso="E09" to=")"/> <!-- 9  base=۹ -->
		<map iso="E10" to="("/> <!-- 0  base=۰ -->
		<map iso="E11" to="\u{651}"/> <!-- -  base=أ  to= ّ  -->
		<map iso="E12" to="ۂ"/> <!-- =  base=ؤ -->
		<map iso="D01" to="\u{652}"/> <!-- Q  base=ق  to= ْ  -->
		<map iso="D02" to="\u{610}"/> <!-- W  base=و  to= ؐ  -->
		<map iso="D03" to="\u{611}"/> <!-- E  base=ع  to= ؑ  -->
		<map iso="D04" to="ڑ"/> <!-- R  base=ر -->
		<map iso="D05" to="ٹ"/> <!-- T  base=ت -->
		<map iso="D06" to="\u{601}"/> <!-- Y  base=ے -->
		<map iso="D07" to="\u{657}"/> <!-- U  base=ئ  to= ٗ  -->
		<map iso="D08" to="\u{670}"/> <!-- I  base=ی  to= ٰ  -->
		<map iso="D09" to="ة"/> <!-- O  base=ہ -->
		<map iso="D10" to="\u{64F}"/> <!-- P  base=پ  to= ُ  -->
		<map iso="D11" to="‘"/> <!-- [ -->
		<map iso="D12" to="’"/> <!-- ] -->
		<map iso="D13" to="\u{614}"/> <!-- \  base=؎  to= ؔ  -->
		<map iso="C01" to="\u{653}"/> <!-- A  base=ا  to= ٓ  -->
		<map iso="C02" to="ص"/> <!-- S  base=س -->
		<map iso="C03" to="ڈ"/> <!-- D  base=د -->
		<map iso="C04" to="\u{656}"/> <!-- F  base=ف  to= ٖ  -->
		<map iso="C05" to="غ"/> <!-- G  base=گ -->
		<map iso="C06" to="ح"/> <!-- H  base=ھ -->
		<map iso="C07" to="ض"/> <!-- J  base=ج -->
		<map iso="C08" to="خ"/> <!-- K  base=ک -->
		<map iso="C09" to="\u{612}"/> <!-- L  base=ل  to= ؒ  -->
		<map iso="C10" to=":"/> <!-- ;  base=؛ -->
		<map iso="C11" to="\u{22}"/> <!-- '  base=.  to= "  -->
		<map iso="B00" to="\u{3}"/> <!-- (key to left of Z) -->
		<map iso="B01" to="ذ"/> <!-- Z  base=ز -->
		<map iso="B02" to="ژ"/> <!-- X  base=ش -->
		<map iso="B03" to="ث"/> <!-- C  base=چ -->
		<map iso="B04" to="ظ"/> <!-- V  base=ط -->
		<map iso="B05" to="\u{613}"/> <!-- B  base=ب  to= ؓ  -->
		<map iso="B06" to="ں"/> <!-- N  base=ن -->
		<map iso="B07" to="آ"/> <!-- M  base=م -->
		<map iso="B08" to="\u{650}"/> <!-- ,  base=،  to= ِ  -->
		<map iso="B09" to="\u{64E}"/> <!-- .  base=۔  to= َ  -->
		<map iso="B10" to="؟"/> <!-- /  base=ْ -->
		<map iso="A03" to=" "/> <!-- space -->
	</keyMap>
	<keyMap modifiers="caps">
		<map iso="E00" to="ـ"/> <!-- `  base=ٍ -->
		<map iso="E01" to="1"/> <!--   base=۱ -->
		<map iso="E02" to="2"/> <!--   base=۲ -->
		<map iso="E03" to="3"/> <!--   base=۳ -->
		<map iso="E04" to="4"/> <!--   base=۴ -->
		<map iso="E05" to="5"/> <!--   base=۵ -->
		<map iso="E06" to="6"/> <!--   base=۶ -->
		<map iso="E07" to="7"/> <!--   base=۷ -->
		<map iso="E08" to="8"/> <!--   base=۸ -->
		<map iso="E09" to="9"/> <!--   base=۹ -->
		<map iso="E10" to="0"/> <!--   base=۰ -->
		<map iso="E11" to="-"/> <!--   base=أ -->
		<map iso="E12" to="="/> <!--   base=ؤ -->
		<map iso="D01" to="ق"/> <!-- Q -->
		<map iso="D02" to="ش"/> <!-- W  base=و -->
		<map iso="D03" to="ع"/> <!-- E -->
		<map iso="D04" to="ر"/> <!-- R -->
		<map iso="D05" to="ت"/> <!-- T -->
		<map iso="D06" to="ط"/> <!-- Y  base=ے -->
		<map iso="D07" to="ئ"/> <!-- U -->
		<map iso="D08" to="ی"/> <!-- I -->
		<map iso="D09" to="ه"/> <!-- O  base=ہ -->
		<map iso="D10" to="ة"/> <!-- P  base=پ -->
		<map iso="D11" to="ث"/> <!-- [ -->
		<map iso="D12" to="ظ"/> <!-- ] -->
		<map iso="D13" to="؎"/> <!-- \ -->
		<map iso="C01" to="ا"/> <!-- A -->
		<map iso="C02" to="س"/> <!-- S -->
		<map iso="C03" to="د"/> <!-- D -->
		<map iso="C04" to="ف"/> <!-- F -->
		<map iso="C05" to="غ"/> <!-- G  base=گ -->
		<map iso="C06" to="ح"/> <!-- H  base=ھ -->
		<map iso="C07" to="ج"/> <!-- J -->
		<map iso="C08" to="ک"/> <!-- K -->
		<map iso="C09" to="ل"/> <!-- L -->
		<map iso="C10" to="؛"/> <!-- ; -->
		<map iso="C11" to="&apos;"/> <!--   base=. -->
		<map iso="B00" to="\u{3}"/> <!-- (key to left of Z) -->
		<map iso="B01" to="ز"/> <!-- Z -->
		<map iso="B02" to="خ"/> <!-- X  base=ش -->
		<map iso="B03" to="ص"/> <!-- C  base=چ -->
		<map iso="B04" to="ذ"/> <!-- V  base=ط -->
		<map iso="B05" to="ب"/> <!-- B -->
		<map iso="B06" to="ن"/> <!-- N -->
		<map iso="B07" to="م"/> <!-- M -->
		<map iso="B08" to="،"/> <!-- , -->
		<map iso="B09" to="."/> <!--   base=۔ -->
		<map iso="B10" to="\"/> <!-- /  base=ْ -->
		<map iso="A03" to=" "/> <!-- space -->
	</keyMap>
	<keyMap modifiers="opt opt+caps+shift?">
		<map iso="E00" to="&gt;"/> <!-- `  base=ٍ -->
		<map iso="E01" to="إ"/> <!-- 1  base=۱ -->
		<map iso="E02" to="❊"/> <!-- 2  base=۲ -->
		<map iso="E03" to="#"/> <!-- 3  base=۳ -->
		<map iso="E04" to="$"/> <!-- 4  base=۴ -->
		<map iso="E05" to="٪"/> <!-- 5  base=۵ -->
		<map iso="E06" to="&amp;"/> <!-- 6  base=۶ -->
		<map iso="E07" to="^"/> <!-- 7  base=۷ -->
		<map iso="E08" to="\u{64C}"/> <!-- 8  base=۸  to= ٌ  -->
		<map iso="E09" to=")"/> <!-- 9  base=۹ -->
		<map iso="E10" to="("/> <!-- 0  base=۰ -->
		<map iso="E11" to="_"/> <!-- -  base=أ -->
		<map iso="E12" to="+"/> <!-- =  base=ؤ -->
		<map iso="D01" to="ڤ"/> <!-- Q  base=ق -->
		<map iso="D02" to="\u{651}"/> <!-- W  base=و  to= ّ  -->
		<map iso="D03" to="ی"/> <!-- E  base=ع -->
		<map iso="D04" to="غ"/> <!-- R  base=ر -->
		<map iso="D05" to="ط"/> <!-- T  base=ت -->
		<map iso="D06" to="ث"/> <!-- Y  base=ے -->
		<map iso="D07" to="\u{64F}"/> <!-- U  base=ئ  to= ُ  -->
		<map iso="D08" to="\u{650}"/> <!-- I  base=ی  to= ِ  -->
		<map iso="D09" to="\u{652}"/> <!-- O  base=ہ  to= ْ  -->
		<map iso="D10" to="\u{651}"/> <!-- P  base=پ  to= ّ  -->
		<map iso="D11" to="]"/> <!-- [ -->
		<map iso="D12" to="["/> <!-- ] -->
		<map iso="D13" to="أ"/> <!-- \  base=؎ -->
		<map iso="C01" to="\u{64E}"/> <!-- A  base=ا  to= َ  -->
		<map iso="C02" to="ص"/> <!-- S  base=س -->
		<map iso="C03" to="ض"/> <!-- D  base=د -->
		<map iso="C04" to="ڤ"/> <!-- F  base=ف -->
		<map iso="C05" to="ع"/> <!-- G  base=گ -->
		<map iso="C06" to="ه"/> <!-- H  base=ھ -->
		<map iso="C07" to="خ"/> <!-- J  base=ج -->
		<map iso="C08" to="خ"/> <!-- K  base=ک -->
		<map iso="B00" to="\u{3}"/> <!-- (key to left of Z) -->
		<map iso="B01" to="ظ"/> <!-- Z  base=ز -->
		<map iso="B02" to="ح"/> <!-- X  base=ش -->
		<map iso="B03" to="ث"/> <!-- C  base=چ -->
		<map iso="B04" to="ظ"/> <!-- V  base=ط -->
		<map iso="B05" to="پ"/> <!-- B  base=ب -->
		<map iso="B06" to="ڻ"/> <!-- N  base=ن -->
		<map iso="B07" to="آ"/> <!-- M  base=م -->
		<map iso="B10" to="/"/> <!--   base=ْ -->
		<map iso="A03" to="\u{A0}"/> <!-- space -->
	</keyMap>
	<keyMap modifiers="opt+shift">
		<map iso="E00" to="&lt;"/> <!-- `  base=ٍ -->
		<map iso="E01" to="!"/> <!-- 1  base=۱ -->
		<map iso="E02" to="❊"/> <!-- 2  base=۲ -->
		<map iso="E03" to="#"/> <!-- 3  base=۳ -->
		<map iso="E04" to="€"/> <!-- 4  base=۴ -->
		<map iso="E05" to="٪"/> <!-- 5  base=۵ -->
		<map iso="E06" to="&amp;"/> <!-- 6  base=۶ -->
		<map iso="E07" to="^"/> <!-- 7  base=۷ -->
		<map iso="E08" to="*"/> <!-- 8  base=۸ -->
		<map iso="E09" to=")"/> <!-- 9  base=۹ -->
		<map iso="E10" to="("/> <!-- 0  base=۰ -->
		<map iso="E11" to="_"/> <!-- -  base=أ -->
		<map iso="E12" to="+"/> <!-- =  base=ؤ -->
		<map iso="D01" to="گ"/> <!-- Q  base=ق -->
		<map iso="D02" to="\u{651}"/> <!-- W  base=و  to= ّ  -->
		<map iso="D04" to="ڙ"/> <!-- R  base=ر -->
		<map iso="D05" to="ٿ"/> <!-- T  base=ت -->
		<map iso="D06" to="\u{670}"/> <!-- Y  base=ے  to= ٰ  -->
		<map iso="D07" to="\u{64C}"/> <!-- U  base=ئ  to= ٌ  -->
		<map iso="D08" to="\u{64D}"/> <!-- I  base=ی  to= ٍ  -->
		<map iso="D09" to="ە"/> <!-- O  base=ہ -->
		<map iso="D10" to="پ"/> <!-- P -->
		<map iso="D11" to="}"/> <!-- [ -->
		<map iso="D12" to="{"/> <!-- ] -->
		<map iso="D13" to="آ"/> <!-- \  base=؎ -->
		<map iso="C01" to="\u{64B}"/> <!-- A  base=ا  to= ً  -->
		<map iso="C02" to="\u{651}"/> <!-- S  base=س  to= ّ  -->
		<map iso="C03" to="ڐ"/> <!-- D  base=د -->
		<map iso="C04" to="ڤ"/> <!-- F  base=ف -->
		<map iso="C05" to="گ"/> <!-- G -->
		<map iso="C06" to="چ"/> <!-- H  base=ھ -->
		<map iso="C07" to="ژ"/> <!-- J  base=ج -->
		<map iso="C08" to="ك"/> <!-- K  base=ک -->
		<map iso="B00" to="\u{3}"/> <!-- (key to left of Z) -->
		<map iso="B01" to="ژ"/> <!-- Z  base=ز -->
		<map iso="B03" to="چ"/> <!-- C -->
		<map iso="B04" to="ڤ"/> <!-- V  base=ط -->
		<map iso="B05" to="ٹ"/> <!-- B  base=ب -->
		<map iso="B06" to="ں"/> <!-- N  base=ن -->
		<map iso="B07" to="آ"/> <!-- M  base=م -->
		<map iso="B08" to="❊"/> <!-- ,  base=، -->
		<map iso="B10" to="\"/> <!-- /  base=ْ -->
		<map iso="A03" to="\u{A0}"/> <!-- space -->
	</keyMap>
	<keyMap modifiers="ctrl+opt?+caps?+shift? ctrl+cmd?+opt?+shift? ctrl+cmd?+opt?+caps? cmd+ctrlR+opt+caps+shift cmd+ctrlL+opt+caps+shift cmd+ctrl+caps+shift+optR? cmd+ctrl+caps+shift+optL? cmd+ctrl+opt+caps+shiftR? cmd+ctrl+opt+caps+shiftL?">
		<map iso="E00" to="`"/> <!--   base=ٍ -->
		<map iso="E01" to="1"/> <!--   base=۱ -->
		<map iso="E02" to="2"/> <!--   base=۲ -->
		<map iso="E03" to="3"/> <!--   base=۳ -->
		<map iso="E04" to="4"/> <!--   base=۴ -->
		<map iso="E05" to="5"/> <!--   base=۵ -->
		<map iso="E06" to="6"/> <!--   base=۶ -->
		<map iso="E07" to="7"/> <!--   base=۷ -->
		<map iso="E08" to="8"/> <!--   base=۸ -->
		<map iso="E09" to="9"/> <!--   base=۹ -->
		<map iso="E10" to="0"/> <!--   base=۰ -->
		<map iso="E11" to="\u{1F}"/> <!-- -  base=أ -->
		<map iso="E12" to="="/> <!--   base=ؤ -->
		<map iso="D01" to="\u{11}"/> <!-- Q  base=ق -->
		<map iso="D02" to="\u{17}"/> <!-- W  base=و -->
		<map iso="D03" to="\u{5}"/> <!-- E  base=ع -->
		<map iso="D04" to="\u{12}"/> <!-- R  base=ر -->
		<map iso="D05" to="\u{14}"/> <!-- T  base=ت -->
		<map iso="D06" to="\u{19}"/> <!-- Y  base=ے -->
		<map iso="D07" to="\u{15}"/> <!-- U  base=ئ -->
		<map iso="D08" to="\u{9}"/> <!-- I  base=ی -->
		<map iso="D09" to="\u{F}"/> <!-- O  base=ہ -->
		<map iso="D10" to="\u{10}"/> <!-- P  base=پ -->
		<map iso="D11" to="\u{1B}"/> <!-- [ -->
		<map iso="D12" to="\u{1D}"/> <!-- ] -->
		<map iso="D13" to="\u{1C}"/> <!-- \  base=؎ -->
		<map iso="C01" to="\u{1}"/> <!-- A  base=ا -->
		<map iso="C02" to="\u{13}"/> <!-- S  base=س -->
		<map iso="C03" to="\u{4}"/> <!-- D  base=د -->
		<map iso="C04" to="\u{6}"/> <!-- F  base=ف -->
		<map iso="C05" to="\u{7}"/> <!-- G  base=گ -->
		<map iso="C06" to="\u{8}"/> <!-- H  base=ھ -->
		<map iso="C07" to="\u{A}"/> <!-- J  base=ج -->
		<map iso="C08" to="\u{B}"/> <!-- K  base=ک -->
		<map iso="C09" to="\u{C}"/> <!-- L  base=ل -->
		<map iso="C10" to=";"/> <!--   base=؛ -->
		<map iso="C11" to="&apos;"/> <!--   base=. -->
		<map iso="B00" to="0"/> <!-- (key to left of Z) -->
		<map iso="B01" to="\u{1A}"/> <!-- Z  base=ز -->
		<map iso="B02" to="\u{18}"/> <!-- X  base=ش -->
		<map iso="B03" to="\u{3}"/> <!-- C  base=چ -->
		<map iso="B04" to="\u{16}"/> <!-- V  base=ط -->
		<map iso="B05" to="\u{2}"/> <!-- B  base=ب -->
		<map iso="B06" to="\u{E}"/> <!-- N  base=ن -->
		<map iso="B07" to="\u{D}"/> <!-- M  base=م -->
		<map iso="B08" to=","/> <!--   base=، -->
		<map iso="B09" to="."/> <!--   base=۔ -->
		<map iso="B10" to="/"/> <!--   base=ْ -->
		<map iso="A03" to=" "/> <!-- space -->
	</keyMap>
	<keyMap modifiers="cmd+caps cmd+opt+caps?">
		<map iso="E00" to="`"/> <!--   base=ٍ -->
		<map iso="E01" to="1"/> <!--   base=۱ -->
		<map iso="E02" to="2"/> <!--   base=۲ -->
		<map iso="E03" to="3"/> <!--   base=۳ -->
		<map iso="E04" to="4"/> <!--   base=۴ -->
		<map iso="E05" to="5"/> <!--   base=۵ -->
		<map iso="E06" to="6"/> <!--   base=۶ -->
		<map iso="E07" to="7"/> <!--   base=۷ -->
		<map iso="E08" to="8"/> <!--   base=۸ -->
		<map iso="E09" to="9"/> <!--   base=۹ -->
		<map iso="E10" to="0"/> <!--   base=۰ -->
		<map iso="E11" to="-"/> <!--   base=أ -->
		<map iso="E12" to="="/> <!--   base=ؤ -->
		<map iso="D01" to="q"/> <!--   base=ق -->
		<map iso="D02" to="w"/> <!--   base=و -->
		<map iso="D03" to="e"/> <!--   base=ع -->
		<map iso="D04" to="r"/> <!--   base=ر -->
		<map iso="D05" to="t"/> <!--   base=ت -->
		<map iso="D06" to="y"/> <!--   base=ے -->
		<map iso="D07" to="u"/> <!--   base=ئ -->
		<map iso="D08" to="i"/> <!--   base=ی -->
		<map iso="D09" to="o"/> <!--   base=ہ -->
		<map iso="D10" to="p"/> <!--   base=پ -->
		<map iso="D11" to="["/>
		<map iso="D12" to="]"/>
		<map iso="D13" to="\"/> <!--   base=؎ -->
		<map iso="C01" to="a"/> <!--   base=ا -->
		<map iso="C02" to="s"/> <!--   base=س -->
		<map iso="C03" to="d"/> <!--   base=د -->
		<map iso="C04" to="f"/> <!--   base=ف -->
		<map iso="C05" to="g"/> <!--   base=گ -->
		<map iso="C06" to="h"/> <!--   base=ھ -->
		<map iso="C07" to="j"/> <!--   base=ج -->
		<map iso="C08" to="k"/> <!--   base=ک -->
		<map iso="C09" to="l"/> <!--   base=ل -->
		<map iso="C10" to=";"/> <!--   base=؛ -->
		<map iso="C11" to="&apos;"/> <!--   base=. -->
		<map iso="B01" to="z"/> <!--   base=ز -->
		<map iso="B02" to="x"/> <!--   base=ش -->
		<map iso="B03" to="c"/> <!--   base=چ -->
		<map iso="B04" to="v"/> <!--   base=ط -->
		<map iso="B05" to="b"/> <!--   base=ب -->
		<map iso="B06" to="n"/> <!--   base=ن -->
		<map iso="B07" to="m"/> <!--   base=م -->
		<map iso="B08" to=","/> <!--   base=، -->
		<map iso="B09" to="."/> <!--   base=۔ -->
		<map iso="B10" to="/"/> <!--   base=ْ -->
		<map iso="A03" to=" "/> <!-- space -->
	</keyMap>
	<keyMap modifiers="cmd+shift+opt?+caps?">
		<map iso="E00" to="~"/> <!-- `  base=ٍ -->
		<map iso="E01" to="!"/> <!-- 1  base=۱ -->
		<map iso="E02" to="@"/> <!-- 2  base=۲ -->
		<map iso="E03" to="#"/> <!-- 3  base=۳ -->
		<map iso="E04" to="$"/> <!-- 4  base=۴ -->
		<map iso="E05" to="%"/> <!-- 5  base=۵ -->
		<map iso="E06" to="^"/> <!-- 6  base=۶ -->
		<map iso="E07" to="&amp;"/> <!-- 7  base=۷ -->
		<map iso="E08" to="*"/> <!-- 8  base=۸ -->
		<map iso="E09" to="("/> <!-- 9  base=۹ -->
		<map iso="E10" to=")"/> <!-- 0  base=۰ -->
		<map iso="E11" to="_"/> <!-- -  base=أ -->
		<map iso="E12" to="+"/> <!-- =  base=ؤ -->
		<map iso="D01" to="Q"/> <!--   base=ق -->
		<map iso="D02" to="W"/> <!--   base=و -->
		<map iso="D03" to="E"/> <!--   base=ع -->
		<map iso="D04" to="R"/> <!--   base=ر -->
		<map iso="D05" to="T"/> <!--   base=ت -->
		<map iso="D06" to="Y"/> <!--   base=ے -->
		<map iso="D07" to="U"/> <!--   base=ئ -->
		<map iso="D08" to="I"/> <!--   base=ی -->
		<map iso="D09" to="O"/> <!--   base=ہ -->
		<map iso="D10" to="P"/> <!--   base=پ -->
		<map iso="D11" to="{"/> <!-- [ -->
		<map iso="D12" to="}"/> <!-- ] -->
		<map iso="D13" to="|"/> <!-- \  base=؎ -->
		<map iso="C01" to="A"/> <!--   base=ا -->
		<map iso="C02" to="S"/> <!--   base=س -->
		<map iso="C03" to="D"/> <!--   base=د -->
		<map iso="C04" to="F"/> <!--   base=ف -->
		<map iso="C05" to="G"/> <!--   base=گ -->
		<map iso="C06" to="H"/> <!--   base=ھ -->
		<map iso="C07" to="J"/> <!--   base=ج -->
		<map iso="C08" to="K"/> <!--   base=ک -->
		<map iso="C09" to="L"/> <!--   base=ل -->
		<map iso="C10" to=":"/> <!-- ;  base=؛ -->
		<map iso="C11" to="\u{22}"/> <!-- '  base=.  to= "  -->
		<map iso="B01" to="Z"/> <!--   base=ز -->
		<map iso="B02" to="X"/> <!--   base=ش -->
		<map iso="B03" to="C"/> <!--   base=چ -->
		<map iso="B04" to="V"/> <!--   base=ط -->
		<map iso="B05" to="B"/> <!--   base=ب -->
		<map iso="B06" to="N"/> <!--   base=ن -->
		<map iso="B07" to="M"/> <!--   base=م -->
		<map iso="B08" to="&lt;"/> <!-- ,  base=، -->
		<map iso="B09" to="&gt;"/> <!-- .  base=۔ -->
		<map iso="B10" to="?"/> <!-- /  base=ْ -->
		<map iso="A03" to=" "/> <!-- space -->
	</keyMap>
</keyboard>

