<?xml version="1.0" encoding="UTF-8" ?>
<!DOCTYPE keyboard SYSTEM "../dtd/ldmlKeyboard.dtd">
<keyboard locale="lt-t-k0-osx-var">
	<version platform="10.9" number="$Revision$"/>
	<names>
		<name value="Lithuanian – Standard"/>
	</names>
	<keyMap>
		<map iso="E00" to="&lt;"/> <!-- ` -->
		<map iso="E01" to="!"/> <!-- 1 -->
		<map iso="E02" to="-"/> <!-- 2 -->
		<map iso="E03" to="/"/> <!-- 3 -->
		<map iso="E04" to=";"/> <!-- 4 -->
		<map iso="E05" to=":"/> <!-- 5 -->
		<map iso="E06" to=","/> <!-- 6 -->
		<map iso="E07" to="."/> <!-- 7 -->
		<map iso="E08" to="="/> <!-- 8 -->
		<map iso="E09" to="("/> <!-- 9 -->
		<map iso="E10" to=")"/> <!-- 0 -->
		<map iso="E11" to="?"/> <!-- - -->
		<map iso="E12" to="x"/> <!-- = -->
		<map iso="D01" to="ą"/> <!-- Q -->
		<map iso="D02" to="ž"/> <!-- W -->
		<map iso="D03" to="e"/>
		<map iso="D04" to="r"/>
		<map iso="D05" to="t"/>
		<map iso="D06" to="y"/>
		<map iso="D07" to="u"/>
		<map iso="D08" to="i"/>
		<map iso="D09" to="o"/>
		<map iso="D10" to="p"/>
		<map iso="D11" to="į"/> <!-- [ -->
		<map iso="D12" to="w"/> <!-- ] -->
		<map iso="D13" to="q"/> <!-- \ -->
		<map iso="C01" to="a"/>
		<map iso="C02" to="s"/>
		<map iso="C03" to="d"/>
		<map iso="C04" to="š"/> <!-- F -->
		<map iso="C05" to="g"/>
		<map iso="C06" to="h"/>
		<map iso="C07" to="j"/>
		<map iso="C08" to="k"/>
		<map iso="C09" to="l"/>
		<map iso="C10" to="ų"/> <!-- ; -->
		<map iso="C11" to="ė"/> <!-- ' -->
		<map iso="B00" to="`"/> <!-- (key to left of Z) -->
		<map iso="B01" to="z"/>
		<map iso="B02" to="ū"/> <!-- X -->
		<map iso="B03" to="c"/>
		<map iso="B04" to="v"/>
		<map iso="B05" to="b"/>
		<map iso="B06" to="n"/>
		<map iso="B07" to="m"/>
		<map iso="B08" to="č"/> <!-- , -->
		<map iso="B09" to="f"/> <!-- . -->
		<map iso="B10" to="ę"/> <!-- / -->
		<map iso="A03" to=" "/> <!-- space -->
	</keyMap>
	<keyMap modifiers="shift+caps?">
		<map iso="E00" to="&gt;"/> <!-- `  base=< -->
		<map iso="E01" to="1"/> <!--   base=! -->
		<map iso="E02" to="2"/> <!--   base=- -->
		<map iso="E03" to="3"/> <!--   base=/ -->
		<map iso="E04" to="4"/> <!--   base=; -->
		<map iso="E05" to="5"/> <!--   base=: -->
		<map iso="E06" to="6"/> <!--   base=, -->
		<map iso="E07" to="7"/> <!--   base=. -->
		<map iso="E08" to="8"/> <!--   base== -->
		<map iso="E09" to="9"/> <!--   base=( -->
		<map iso="E10" to="0"/> <!--   base=) -->
		<map iso="E11" to="+"/> <!-- -  base=? -->
		<map iso="E12" to="X"/> <!-- = -->
		<map iso="D01" to="Ą"/> <!-- Q -->
		<map iso="D02" to="Ž"/> <!-- W -->
		<map iso="D03" to="E"/>
		<map iso="D04" to="R"/>
		<map iso="D05" to="T"/>
		<map iso="D06" to="Y"/>
		<map iso="D07" to="U"/>
		<map iso="D08" to="I"/>
		<map iso="D09" to="O"/>
		<map iso="D10" to="P"/>
		<map iso="D11" to="Į"/> <!-- [ -->
		<map iso="D12" to="W"/> <!-- ] -->
		<map iso="D13" to="Q"/> <!-- \ -->
		<map iso="C01" to="A"/>
		<map iso="C02" to="S"/>
		<map iso="C03" to="D"/>
		<map iso="C04" to="Š"/> <!-- F -->
		<map iso="C05" to="G"/>
		<map iso="C06" to="H"/>
		<map iso="C07" to="J"/>
		<map iso="C08" to="K"/>
		<map iso="C09" to="L"/>
		<map iso="C10" to="Ų"/> <!-- ; -->
		<map iso="C11" to="Ė"/> <!-- ' -->
		<map iso="B00" to="~"/> <!-- (key to left of Z)  base=` -->
		<map iso="B01" to="Z"/>
		<map iso="B02" to="Ū"/> <!-- X -->
		<map iso="B03" to="C"/>
		<map iso="B04" to="V"/>
		<map iso="B05" to="B"/>
		<map iso="B06" to="N"/>
		<map iso="B07" to="M"/>
		<map iso="B08" to="Č"/> <!-- , -->
		<map iso="B09" to="F"/> <!-- . -->
		<map iso="B10" to="Ę"/> <!-- / -->
		<map iso="A03" to=" "/> <!-- space -->
	</keyMap>
	<keyMap modifiers="caps">
		<map iso="E00" to="&lt;"/> <!-- ` -->
		<map iso="E01" to="!"/> <!-- 1 -->
		<map iso="E02" to="-"/> <!-- 2 -->
		<map iso="E03" to="/"/> <!-- 3 -->
		<map iso="E04" to=";"/> <!-- 4 -->
		<map iso="E05" to=":"/> <!-- 5 -->
		<map iso="E06" to=","/> <!-- 6 -->
		<map iso="E07" to="."/> <!-- 7 -->
		<map iso="E08" to="="/> <!-- 8 -->
		<map iso="E09" to="("/> <!-- 9 -->
		<map iso="E10" to=")"/> <!-- 0 -->
		<map iso="E11" to="?"/> <!-- - -->
		<map iso="E12" to="X"/> <!-- = -->
		<map iso="D01" to="Ą"/> <!-- Q -->
		<map iso="D02" to="Ž"/> <!-- W -->
		<map iso="D03" to="E"/>
		<map iso="D04" to="R"/>
		<map iso="D05" to="T"/>
		<map iso="D06" to="Y"/>
		<map iso="D07" to="U"/>
		<map iso="D08" to="I"/>
		<map iso="D09" to="O"/>
		<map iso="D10" to="P"/>
		<map iso="D11" to="Į"/> <!-- [ -->
		<map iso="D12" to="W"/> <!-- ] -->
		<map iso="D13" to="Q"/> <!-- \ -->
		<map iso="C01" to="A"/>
		<map iso="C02" to="S"/>
		<map iso="C03" to="D"/>
		<map iso="C04" to="Š"/> <!-- F -->
		<map iso="C05" to="G"/>
		<map iso="C06" to="H"/>
		<map iso="C07" to="J"/>
		<map iso="C08" to="K"/>
		<map iso="C09" to="L"/>
		<map iso="C10" to="Ų"/> <!-- ; -->
		<map iso="C11" to="Ė"/> <!-- ' -->
		<map iso="B00" to="`"/> <!-- (key to left of Z) -->
		<map iso="B01" to="Z"/>
		<map iso="B02" to="Ū"/> <!-- X -->
		<map iso="B03" to="C"/>
		<map iso="B04" to="V"/>
		<map iso="B05" to="B"/>
		<map iso="B06" to="N"/>
		<map iso="B07" to="M"/>
		<map iso="B08" to="Č"/> <!-- , -->
		<map iso="B09" to="F"/> <!-- . -->
		<map iso="B10" to="Ę"/> <!-- / -->
		<map iso="A03" to=" "/> <!-- space -->
	</keyMap>
	<keyMap modifiers="opt+caps?">
		<map iso="E00" to="–"/> <!-- `  base=< -->
		<map iso="E01" to="@"/> <!-- 1  base=! -->
		<map iso="E02" to="_"/> <!-- 2  base=- -->
		<map iso="E03" to="#"/> <!-- 3  base=/ -->
		<map iso="E04" to="$"/> <!-- 4  base=; -->
		<map iso="E05" to="§"/> <!-- 5  base=: -->
		<map iso="E06" to="^"/> <!-- 6  base=, -->
		<map iso="E07" to="&amp;"/> <!-- 7  base=. -->
		<map iso="E08" to="*"/> <!-- 8  base== -->
		<map iso="E09" to="["/> <!-- 9  base=( -->
		<map iso="E10" to="]"/> <!-- 0  base=) -->
		<map iso="E11" to="&apos;"/> <!-- -  base=? -->
		<map iso="E12" to="%"/> <!-- =  base=x -->
		<map iso="D03" to="€"/> <!-- E -->
		<map iso="D11" to="{"/> <!-- [  base=į -->
		<map iso="D12" to="}"/> <!-- ]  base=w -->
		<map iso="D13" to="|"/> <!-- \  base=q -->
		<map iso="C11" to="\u{22}"/> <!-- '  base=ė  to= "  -->
		<map iso="B00" to="´"/> <!-- (key to left of Z)  base=` -->
		<map iso="B01" to="&lt;"/> <!-- Z -->
		<map iso="B02" to="&gt;"/> <!-- X  base=ū -->
		<map iso="B03" to="–"/> <!-- C -->
		<map iso="B08" to="„"/> <!-- ,  base=č -->
		<map iso="B09" to="“"/> <!-- .  base=f -->
		<map iso="B10" to="\"/> <!-- /  base=ę -->
		<map iso="A03" to="\u{A0}"/> <!-- space -->
	</keyMap>
</keyboard>

