<?xml version="1.0" encoding="UTF-8" ?>
<!DOCTYPE keyboard SYSTEM "../dtd/ldmlKeyboard.dtd">
<keyboard locale="be-t-k0-android-600dpi">
	<version platform="4.4" number="$Revision$"/>
	<names>
		<name value="Belarusian (600dpi)"/>
	</names>
	<keyMap>
		<map iso="D01" to="й"/> <!-- Q -->
		<map iso="D02" to="ц"/> <!-- W -->
		<map iso="D03" to="у"/> <!-- E -->
		<map iso="D04" to="к"/> <!-- R -->
		<map iso="D05" to="е" longPress="ё"/> <!-- T -->
		<map iso="D06" to="н"/> <!-- Y -->
		<map iso="D07" to="г"/> <!-- U -->
		<map iso="D08" to="ш"/> <!-- I -->
		<map iso="D09" to="ў"/> <!-- O -->
		<map iso="D10" to="з"/> <!-- P -->
		<map iso="D11" to="х"/> <!-- [ -->
		<map iso="C01" to="ф"/> <!-- A -->
		<map iso="C02" to="ы"/> <!-- S -->
		<map iso="C03" to="в"/> <!-- D -->
		<map iso="C04" to="а"/> <!-- F -->
		<map iso="C05" to="п"/> <!-- G -->
		<map iso="C06" to="р"/> <!-- H -->
		<map iso="C07" to="о"/> <!-- J -->
		<map iso="C08" to="л"/> <!-- K -->
		<map iso="C09" to="д"/> <!-- L -->
		<map iso="C10" to="ж"/> <!-- ; -->
		<map iso="C11" to="э"/> <!-- ' -->
		<map iso="B01" to="я"/> <!-- Z -->
		<map iso="B02" to="ч"/> <!-- X -->
		<map iso="B03" to="с"/> <!-- C -->
		<map iso="B04" to="м"/> <!-- V -->
		<map iso="B05" to="і"/> <!-- B -->
		<map iso="B06" to="т"/> <!-- N -->
		<map iso="B07" to="ь" longPress="ъ"/> <!-- M -->
		<map iso="B08" to="б"/> <!-- , -->
		<map iso="B09" to="ю"/> <!-- . -->
		<map iso="B10" to="!"/> <!-- / -->
		<map iso="B11" to="?"/> <!-- (key to right of /) -->
		<map iso="A01" to="/"/> <!-- (2 keys to left of space) -->
		<map iso="A02" to=" "/> <!-- (key to left of space) -->
		<map iso="A03" to=","/> <!-- space -->
		<map iso="A04" to="." longPress="…"/> <!-- (key to right of space) -->
	</keyMap>
	<keyMap modifiers="shift caps">
		<map iso="D01" to="Й"/> <!-- Q -->
		<map iso="D02" to="Ц"/> <!-- W -->
		<map iso="D03" to="У"/> <!-- E -->
		<map iso="D04" to="К"/> <!-- R -->
		<map iso="D05" to="Е" longPress="Ё"/> <!-- T -->
		<map iso="D06" to="Н"/> <!-- Y -->
		<map iso="D07" to="Г"/> <!-- U -->
		<map iso="D08" to="Ш"/> <!-- I -->
		<map iso="D09" to="Ў"/> <!-- O -->
		<map iso="D10" to="З"/> <!-- P -->
		<map iso="D11" to="Х"/> <!-- [ -->
		<map iso="C01" to="Ф"/> <!-- A -->
		<map iso="C02" to="Ы"/> <!-- S -->
		<map iso="C03" to="В"/> <!-- D -->
		<map iso="C04" to="А"/> <!-- F -->
		<map iso="C05" to="П"/> <!-- G -->
		<map iso="C06" to="Р"/> <!-- H -->
		<map iso="C07" to="О"/> <!-- J -->
		<map iso="C08" to="Л"/> <!-- K -->
		<map iso="C09" to="Д"/> <!-- L -->
		<map iso="C10" to="Ж"/> <!-- ; -->
		<map iso="C11" to="Э"/> <!-- ' -->
		<map iso="B01" to="Я"/> <!-- Z -->
		<map iso="B02" to="Ч"/> <!-- X -->
		<map iso="B03" to="С"/> <!-- C -->
		<map iso="B04" to="М"/> <!-- V -->
		<map iso="B05" to="І"/> <!-- B -->
		<map iso="B06" to="Т"/> <!-- N -->
		<map iso="B07" to="Ь" longPress="Ъ"/> <!-- M -->
		<map iso="B08" to="Б"/> <!-- , -->
		<map iso="B09" to="Ю"/> <!-- . -->
		<map iso="B10" to="!"/> <!-- / -->
		<map iso="B11" to="?"/> <!-- (key to right of /) -->
		<map iso="A01" to="/"/> <!-- (2 keys to left of space) -->
		<map iso="A02" to=" "/> <!-- (key to left of space) -->
		<map iso="A03" to=","/> <!-- space -->
		<map iso="A04" to="." longPress="…"/> <!-- (key to right of space) -->
	</keyMap>
	<keyMap modifiers="opt">
		<map iso="D01" to="1" longPress="¹ ½ ⅓ ¼ ⅛"/> <!-- Q  base=й -->
		<map iso="D02" to="2" longPress="² ⅔"/> <!-- W  base=ц -->
		<map iso="D03" to="3" longPress="³ ¾ ⅜"/> <!-- E  base=у -->
		<map iso="D04" to="4" longPress="⁴"/> <!-- R  base=к -->
		<map iso="D05" to="5" longPress="⅝"/> <!-- T  base=е -->
		<map iso="D06" to="6"/> <!-- Y  base=н -->
		<map iso="D07" to="7" longPress="⅞"/> <!-- U  base=г -->
		<map iso="D08" to="8"/> <!-- I  base=ш -->
		<map iso="D09" to="9"/> <!-- O  base=ў -->
		<map iso="D10" to="0" longPress="ⁿ ∅"/> <!-- P  base=з -->
		<map iso="C01" to="@"/> <!-- A  base=ф -->
		<map iso="C02" to="#"/> <!-- S  base=ы -->
		<map iso="C03" to="$" longPress="¢ £ € ¥ ₱"/> <!-- D  base=в -->
		<map iso="C04" to="%" longPress="‰"/> <!-- F  base=а -->
		<map iso="C05" to="&amp;"/> <!-- G  base=п -->
		<map iso="C06" to="-" longPress="_ – — ·"/> <!-- H  base=р -->
		<map iso="C07" to="+" longPress="±"/> <!-- J  base=о -->
		<map iso="C08" to="(" longPress="&lt; { ["/> <!-- K  base=л -->
		<map iso="C09" to=")" longPress="&gt; } ]"/> <!-- L  base=д -->
		<map iso="B01" to="\"/> <!-- Z  base=я -->
		<map iso="B02" to="="/> <!-- X  base=ч -->
		<map iso="B03" to="*" longPress="† ‡ ★"/> <!-- C  base=с -->
		<map iso="B04" to="\u{22}" longPress="“ ” « »"/> <!-- V  base=м  to= "  -->
		<map iso="B05" to="&apos;" longPress="‘ ’ ‹ ›"/> <!-- B  base=і -->
		<map iso="B06" to=":"/> <!-- N  base=т -->
		<map iso="B07" to=";"/> <!-- M  base=ь -->
		<map iso="B08" to="!" longPress="¡"/> <!-- ,  base=б -->
		<map iso="B09" to="?" longPress="¿"/> <!-- .  base=ю -->
		<map iso="A00" to="_"/> <!-- (3 keys to left of space) -->
		<map iso="A01" to="/"/> <!-- (2 keys to left of space) -->
		<map iso="A02" to=" "/> <!-- (key to left of space) -->
		<map iso="A03" to=","/> <!-- space -->
		<map iso="A04" to="." longPress="…"/> <!-- (key to right of space) -->
	</keyMap>
	<keyMap modifiers="opt+shift">
		<map iso="D01" to="~"/> <!-- Q  base=й -->
		<map iso="D02" to="`"/> <!-- W  base=ц -->
		<map iso="D03" to="|"/> <!-- E  base=у -->
		<map iso="D04" to="•" longPress="♪ ♥ ♠ ♦ ♣"/> <!-- R  base=к -->
		<map iso="D05" to="√"/> <!-- T  base=е -->
		<map iso="D06" to="Π" longPress="π"/> <!-- Y  base=н -->
		<map iso="D07" to="÷"/> <!-- U  base=г -->
		<map iso="D08" to="×"/> <!-- I  base=ш -->
		<map iso="D09" to="¶" longPress="§"/> <!-- O  base=ў -->
		<map iso="D10" to="∆"/> <!-- P  base=з -->
		<map iso="C01" to="£"/> <!-- A  base=ф -->
		<map iso="C02" to="¢"/> <!-- S  base=ы -->
		<map iso="C03" to="€"/> <!-- D  base=в -->
		<map iso="C04" to="¥"/> <!-- F  base=а -->
		<map iso="C05" to="^" longPress="↑ ↓ ← →"/> <!-- G  base=п -->
		<map iso="C06" to="°" longPress="′ ″"/> <!-- H  base=р -->
		<map iso="C07" to="=" longPress="≠ ≈ ∞"/> <!-- J  base=о -->
		<map iso="C08" to="{"/> <!-- K  base=л -->
		<map iso="C09" to="}"/> <!-- L  base=д -->
		<map iso="B01" to="\"/> <!-- Z  base=я -->
		<map iso="B02" to="©"/> <!-- X  base=ч -->
		<map iso="B03" to="®"/> <!-- C  base=с -->
		<map iso="B04" to="™"/> <!-- V  base=м -->
		<map iso="B05" to="℅"/> <!-- B  base=і -->
		<map iso="B06" to="["/> <!-- N  base=т -->
		<map iso="B07" to="]"/> <!-- M  base=ь -->
		<map iso="B08" to="¡"/> <!-- ,  base=б -->
		<map iso="B09" to="¿"/> <!-- .  base=ю -->
		<map iso="A00" to="&lt;" longPress="‹ ≤ «"/> <!-- (3 keys to left of space) -->
		<map iso="A01" to="&gt;" longPress="› ≥ »"/> <!-- (2 keys to left of space)  base=/ -->
		<map iso="A02" to=" "/> <!-- (key to left of space) -->
		<map iso="A03" to=","/> <!-- space -->
		<map iso="A04" to="." longPress="…"/> <!-- (key to right of space) -->
	</keyMap>
</keyboard>
